{"triplane_resolution": 2048, "triplane_voxel_size": 0.001953125, "sparse_grid_resolution": 512, "sparse_grid_voxel_size": 0.0078125, "range_features": [-7.0, 7.0], "range_density": [-14.0, 14.0], "data_block_size": 16, "atlas_width": 1615, "atlas_height": 221, "atlas_depth": 17, "num_slices": 17, "slice_depth": 1, "0_weights": [[0.8589508533477783, -1.4384206533432007, 2.069031238555908, 1.7134610414505005, -1.1629574298858643, 1.5172258615493774, -0.0031997819896787405, 0.488056480884552, -0.08315261453390121, 1.2962455749511719, -0.32954108715057373, 1.2403032779693604, 1.59404718875885, 0.013658778741955757, -0.053780701011419296, 2.634307861328125], [0.7708516716957092, 0.5387306213378906, 0.6715053915977478, 1.3696634769439697, -2.015944242477417, 1.449745774269104, 2.763373851776123, -0.4645012617111206, -0.05868339538574219, 1.7917771339416504, -0.491291344165802, -1.014930248260498, 1.7656340599060059, 0.04116988182067871, -0.0684908777475357, 2.956843852996826], [-1.7622530460357666, 0.346024751663208, -7.477562427520752, -1.5596247911453247, 2.2856271266937256, -7.23480224609375, 3.391514778137207, 1.380171537399292, -0.0551125667989254, -4.658025741577148, 2.5972204208374023, 2.391606569290161, 1.618260145187378, -0.008138153702020645, -0.06318526715040207, -1.653892159461975], [0.19478361308574677, -0.2331179678440094, 0.018316226080060005, 0.5997027158737183, 0.36379700899124146, -0.3075459897518158, 0.3207976818084717, 0.230034738779068, -0.14341074228286743, -0.2639293968677521, -1.1344174146652222, 0.012265310622751713, -1.797167181968689, 0.006205815356224775, -0.31980839371681213, -0.505947470664978], [2.8972418308258057, -2.0801045894622803, -0.9887657761573792, -2.757128953933716, -1.6037260293960571, 1.1902050971984863, 0.028185512870550156, 0.3203476369380951, 0.06813177466392517, 1.0760633945465088, 3.062849521636963, 2.143808364868164, -0.5873080492019653, -0.022603526711463928, -0.5632025599479675, -1.0726959705352783], [-0.27557337284088135, 1.6215782165527344, -0.08391769975423813, 2.0630042552948, 1.7817027568817139, -1.411604642868042, -1.4876717329025269, -1.3306013345718384, -0.23593474924564362, -1.0024728775024414, -0.0385119654238224, 0.24305950105190277, 0.057167794555425644, 0.045802049338817596, -0.2881876230239868, 0.8091056942939758], [-0.5780036449432373, -0.06252767145633698, 0.07746255397796631, 0.48765239119529724, 0.23211917281150818, -0.35896262526512146, 0.6288933157920837, -0.10918518155813217, 0.04996165260672569, 0.09270352870225906, -0.9663440585136414, 0.3489716053009033, -1.5209167003631592, -0.07172424346208572, -0.3240320384502411, -0.5082909464836121], [-0.38739022612571716, -0.5681825876235962, -0.02736733853816986, 0.026811210438609123, -0.13976135849952698, -0.8217096924781799, -0.20183490216732025, 0.010648123919963837, 0.032012999057769775, 0.34360143542289734, -0.15335506200790405, -0.4630756378173828, -0.34798651933670044, -0.1714705377817154, 0.13680967688560486, -0.20007115602493286], [-0.1705215573310852, 0.1026734858751297, 0.1421205848455429, 0.01373093668371439, -0.10522038489580154, 0.21021457016468048, 0.0125729376450181, -0.14469541609287262, -0.2603927254676819, -0.5896196365356445, 0.019504496827721596, 0.2888297140598297, -0.13329529762268066, 0.0562434121966362, 0.018885493278503418, -0.04056764766573906], [0.6298397779464722, -0.024876505136489868, -0.20202796161174774, 0.055478356778621674, 0.006628081668168306, -0.08790553361177444, -0.029178021475672722, -0.552001953125, 0.140840083360672, 0.15072833001613617, -0.05432884767651558, 0.7168084979057312, 0.1220594123005867, -0.01898423582315445, 0.07906831055879593, -0.039727840572595596], [-0.2944273054599762, -0.39742428064346313, 0.05914461985230446, 0.049395617097616196, -0.4035509526729584, -0.5598059296607971, -0.12467070668935776, -0.021286683157086372, 0.18019412457942963, 0.3174150586128235, -0.2528282701969147, -0.4995752274990082, -0.408307820558548, -0.1141299158334732, 0.010885100811719894, -0.43299898505210876], [-0.33770158886909485, -0.09552110731601715, 0.1648484319448471, -0.22406646609306335, -0.11405126750469208, 0.37332823872566223, 0.03845943138003349, -0.03756530582904816, 0.013235933147370815, -0.7337548136711121, 0.02585757151246071, 0.18194521963596344, 0.013553159311413765, -0.10388324409723282, -0.021829452365636826, -0.19692356884479523], [0.6066445708274841, -0.17754167318344116, 0.05209476500749588, 0.3336305618286133, -0.13637690246105194, 0.14933525025844574, -0.1582828164100647, -0.481084942817688, 0.04203024134039879, -0.006926142610609531, -0.045530181378126144, 0.6774455904960632, 0.22428078949451447, 0.04340190067887306, 0.035315852612257004, 0.10481937229633331], [-0.48277267813682556, -0.5381958484649658, 0.047830577939748764, 0.2265567034482956, -0.1814757138490677, -0.4678398668766022, 0.1197190061211586, 0.2581733465194702, -0.06033576279878616, -0.3108319938182831, -0.07310755550861359, -0.26320144534111023, -0.18934230506420135, 0.012036311440169811, 0.2007945477962494, -0.3711254596710205], [-0.4703198969364166, 0.4071800410747528, 0.054072022438049316, -0.3672238886356354, -0.12020736932754517, 0.18651485443115234, -0.13424961268901825, -0.1606423705816269, 0.0588984489440918, -0.5760009288787842, -0.07641053944826126, 0.5441362857818604, -0.09231946617364883, 0.02827530913054943, 0.046661972999572754, 0.17099414765834808], [0.5743712782859802, -0.28413698077201843, -0.21199248731136322, -0.022514790296554565, -0.04693233221769333, -0.028846150264143944, 0.17827726900577545, -0.22315077483654022, 0.1295498013496399, -0.0832417905330658, 0.02509589120745659, 0.867308497428894, 0.15596063435077667, -0.02896462380886078, 0.15505747497081757, -0.021468909457325935], [0.09893824905157089, 0.5241631269454956, 0.0025062249042093754, -0.1740207076072693, -0.16464197635650635, 0.7693877816200256, 0.00899104867130518, 0.14794832468032837, 0.04394238069653511, -0.03127818554639816, 0.07532592117786407, 0.1654764711856842, -0.043964922428131104, -0.08541889488697052, -0.05752715468406677, 0.4469761550426483], [-0.14683282375335693, 0.027720622718334198, 0.10679960250854492, -0.061086755245923996, 0.07509112358093262, 0.003647919511422515, 0.045333828777074814, 0.13857439160346985, -0.06219823285937309, 0.41821765899658203, -0.010717480443418026, -0.1318366825580597, -0.031057411804795265, 0.002559663960710168, -0.12454792112112045, 0.1405857801437378], [-0.22560317814350128, -0.28770849108695984, 0.018899936228990555, -0.25705739855766296, 0.1130112037062645, 0.026471272110939026, 0.27274075150489807, 0.32082459330558777, 0.11664611846208572, -0.33653414249420166, -0.034727416932582855, 0.4965066611766815, -0.10357558727264404, -0.0910378023982048, 0.1460503786802292, -0.6170103549957275], [0.03420161083340645, -0.06345487385988235, -0.02017677016556263, 0.03365100175142288, -0.09597349166870117, -0.05860033631324768, 0.015549170784652233, -0.11247119307518005, -0.10924097895622253, -0.05009537190198898, 0.021067187190055847, 0.09505815804004669, 0.04849804565310478, 0.14111097157001495, 0.06569486111402512, -0.08184195309877396], [-0.13280388712882996, -0.0875939205288887, -0.019563846290111542, -0.031994543969631195, -0.049418848007917404, 0.05811275169253349, -0.0036388440057635307, -0.02912798523902893, 0.042999137192964554, -0.06947267800569534, 0.002325771376490593, 0.004529205150902271, -0.044332921504974365, -0.06816792488098145, -0.001235468778759241, -0.0065959785133600235], [-1.5007457733154297, 0.16357216238975525, -0.0850374698638916, 0.3084048628807068, 0.3914806842803955, 0.27106451988220215, 0.014770733192563057, 0.5416906476020813, -0.09657981991767883, 0.2915154993534088, 0.03282767906785011, -0.021744905039668083, -1.300878643989563, -0.15284579992294312, -0.16872023046016693, -0.34660857915878296], [-0.15989993512630463, 0.0345887653529644, 0.14832423627376556, -0.19589439034461975, -0.22948743402957916, -0.04649496451020241, -0.0857694074511528, 0.1891767382621765, 