{"triplane_resolution": 4096, "triplane_voxel_size": 0.0009765625, "sparse_grid_resolution": 512, "sparse_grid_voxel_size": 0.0078125, "range_features": [-7.0, 7.0], "range_density": [-14.0, 14.0], "data_block_size": 8, "atlas_width": 1980, "atlas_height": 369, "atlas_depth": 9, "num_slices": 9, "slice_depth": 1, "0_weights": [[-0.3671688437461853, 0.6769324541091919, -0.394523024559021, 0.002425838727504015, 0.9838725924491882, 0.6687333583831787, 0.9364585876464844, 4.692080497741699, 0.01497956644743681, -0.600157618522644, -0.10676038265228271, -3.1764345169067383, 1.6886192560195923, 1.0523709058761597, -0.275143027305603, 0.41264501214027405], [0.5703912973403931, -0.76541668176651, 1.2002211809158325, -0.8743054866790771, 2.5464696884155273, -0.4520556330680847, 0.7371321320533752, -1.4904597997665405, -0.19810476899147034, 1.9077420234680176, -1.0351516008377075, 0.1311255693435669, -3.174370050430298, -0.004655185155570507, -0.16588257253170013, -1.4746915102005005], [0.13573680818080902, 1.3218330144882202, -0.6798530220985413, 1.8923813104629517, 0.430064857006073, 0.02079312689602375, -0.8094433546066284, 0.08597392588853836, 0.04461858794093132, -1.3007928133010864, 0.24872735142707825, 2.0278284549713135, 1.209905982017517, -0.49536338448524475, -1.4857233762741089, 0.15309280157089233], [0.4785690903663635, 2.283843517303467, 0.0775541290640831, 0.1847592294216156, 1.1409937143325806, -3.5146327018737793, 0.956526517868042, -2.258077621459961, -0.18748648464679718, -4.223124027252197, -1.9638205766677856, -1.3131641149520874, -2.0989866256713867, 0.8441781997680664, -0.8988059163093567, -3.3396759033203125], [-0.21241477131843567, -0.8962169289588928, -0.09343721717596054, -1.3320618867874146, -1.640772819519043, 0.8769714832305908, 0.05236290767788887, -1.4009807109832764, -0.03045419044792652, 0.6751819252967834, -0.29406362771987915, 0.1602901667356491, 0.3133688271045685, -1.6622605323791504, 1.6008901596069336, 1.2676570415496826], [0.6018366813659668, -0.15839695930480957, -1.6441309452056885, -0.5859636664390564, -0.8494657278060913, 0.13165436685085297, 2.8360979557037354, -0.9372993111610413, -0.19986917078495026, 0.5874176621437073, 0.074236661195755, 1.0370817184448242, 2.535534620285034, -0.4063248634338379, -0.660920262336731, -1.4287383556365967], [-1.014008641242981, 0.8231205344200134, -0.5958551168441772, 0.6781819462776184, -2.327650785446167, 0.8062413930892944, 0.08911056816577911, 1.9147542715072632, -0.12445554882287979, -0.5903239846229553, 0.19514399766921997, 1.254155158996582, 1.2454140186309814, -2.732010841369629, 1.0730993747711182, 0.6102597713470459], [0.0025822909083217382, -0.21827736496925354, -0.35122382640838623, 0.7278669476509094, -0.07402520626783371, 0.46614179015159607, 0.3605322241783142, -0.540925145149231, 0.04781358689069748, -0.07554733753204346, 0.07050640881061554, 0.1143435686826706, 0.4540158212184906, -0.014427803456783295, -0.29502832889556885, -0.1923166662454605], [-0.05658961087465286, -0.007025757804512978, 0.8651929497718811, 0.5029187798500061, 0.14586301147937775, -0.005460062995553017, 0.7658384442329407, 0.4481325149536133, 0.0403994619846344, -0.06213751435279846, -0.1833227127790451, 0.30289241671562195, -0.2517385482788086, 0.30598780512809753, -0.31371811032295227, -0.6137365698814392], [-0.07172469794750214, -0.26879021525382996, -0.07427339255809784, 0.02477123960852623, -0.2927475571632385, -0.4490750730037689, 0.2080855667591095, -0.15137915313243866, -0.06194646283984184, 0.23399610817432404, -0.24754755198955536, 0.2826464772224426, 0.43117737770080566, -0.09223846346139908, -0.04097192361950874, 0.5340708494186401], [0.20967397093772888, -0.0025110559072345495, -0.16909942030906677, 0.6249620318412781, -0.07544106245040894, 0.036133188754320145, 0.0686291754245758, -0.3949569761753082, -0.0722479522228241, -0.3979406952857971, 0.07742463797330856, 0.1236121729016304, 0.350398451089859, 0.006645182613283396, 0.09014811366796494, -0.25773537158966064], [-0.30255672335624695, 0.22768907248973846, 0.9058852195739746, 0.3011019229888916, 0.12643612921237946, 0.11799123883247375, 0.5234870910644531, 0.5528942346572876, 0.005747683811932802, -0.02880241349339485, -0.24244756996631622, 0.44873568415641785, -0.06444556266069412, 0.410334050655365, -0.45845264196395874, -0.687987208366394], [-0.2548472285270691, -0.18359167873859406, 0.09587261080741882, -0.05386446416378021, -0.295504093170166, -0.48233768343925476, 0.25475865602493286, 0.09284427016973495, 0.08634857088327408, 0.40500035881996155, -0.3116695284843445, 0.4681074023246765, 0.4217754304409027, -0.1763998419046402, -0.14679008722305298, 0.4277682900428772], [0.31350916624069214, -0.021457979455590248, 0.3891754746437073, 0.6814870238304138, 0.12371120601892471, -0.720697820186615, -0.23345007002353668, -0.1810559630393982, -0.0005656051216647029, -0.5261650085449219, -0.07001757621765137, 0.3467346131801605, -0.26669594645500183, 0.23683294653892517, 0.33091625571250916, -0.4904864728450775], [-0.511457085609436, -0.05121690034866333, 0.5335509777069092, 0.24228554964065552, -0.30497831106185913, 0.20271268486976624, 0.7534446120262146, 0.06266360729932785, -0.018458597362041473, -0.4686742424964905, -0.5046322345733643, 0.6294614672660828, -0.09989327192306519, 0.3952893614768982, -0.35471394658088684, -0.3887788653373718], [0.02362467534840107, -0.24240471422672272, 0.03263890743255615, -0.006671058014035225, 0.021635010838508606, 0.08440499007701874, -0.0807444155216217, 0.2510073482990265, 0.007932030595839024, 0.26973211765289307, -0.2637564241886139, 0.5437932014465332, 0.19477492570877075, -0.06870190799236298, 0.18199767172336578, 0.5333954095840454], [-0.11374866217374802, -0.007400092203170061, -0.3256923258304596, -0.09373467415571213, -0.6779859662055969, 0.20419557392597198, -0.07020905613899231, -0.1606518030166626, -0.1352756917476654, -0.36738452315330505, -0.21548955142498016, 0.9918546676635742, 0.20877565443515778, 0.03328394889831543, -0.00038317323196679354, -0.45606234669685364], [-1.4210740327835083, 0.31195852160453796, -0.1539919078350067, -0.5991401076316833, 0.409502774477005, 0.8969762921333313, 0.03922713175415993, -0.6590907573699951, -0.0397663414478302, -0.9505561590194702, -0.14601215720176697, 0.9387893080711365, -0.36395707726478577, 0.16356535255908966, -1.3004205226898193, -1.0279929637908936], [0.10392677783966064, 0.23692157864570618, -0.29801836609840393, -0.016580820083618164, 0.4290163815021515, 0.14508534967899323, -0.21680177748203278, 0.16995973885059357, -0.018688315525650978, -0.014650034718215466, -0.07353857159614563, 0.5138201117515564, -0.4055776298046112, 0.18200942873954773, -0.10274043679237366, 0.6811697483062744], [0.07041726261377335, -0.10007999837398529, 0.09357187151908875, 0.06771736592054367, 0.22314754128456116, 0.09004928171634674, 0.11166516691446304, -0.03958747535943985, -0.03914937004446983, 0.34194302558898926, 0.03745725378394127, -0.8587744832038879, 0.008227317593991756, 0.031083635985851288, -0.0362093448638916, 0.37357097864151], [-1.6618372201919556, 0.0656190738081932, 0.244884192943573, 0.060567233711481094, -0.42129018902778625, -0.49398893117904663, 0.030167780816555023, -0.1828654408454895, -0.0037262574769556522, 0.24128548800945282, 0.3764890730381012, 0.856436014175415, -0.04024723544716835, 0.08625727891921997, -1.1639705896377563, 0.3563995361328125], [0.48617538809776306, -0.009583747014403343, 0.19708353281021118, 0.22696737945079803, -0.2399996668100357, -0.14338526129722595, 0.08389632403850555, 0.32892274856567383, -0.1167774498462677, -0.3265383839607239, -0.11298424750566483, 0.18844935297966003, -0.13805657625198364, -0.023646632209420204, 0.2791289985179901, -0.6866976618766785], [0.0599815770983696, 0.08189591765403748, 0.6347380876541138, 0.08606736361980438, 0.3745293617248535, -0.29626715183258057, -0.38272368907928467, -0.4542597532272339, -0.23729468882083893, -0.49551066756248474, 0.12434461712837219, 