{"triplane_resolution": 2048, "triplane_voxel_size": 0.001953125, "sparse_grid_resolution": 512, "sparse_grid_voxel_size": 0.0078125, "range_features": [-7.0, 7.0], "range_density": [-14.0, 14.0], "data_block_size": 16, "atlas_width": 1207, "atlas_height": 408, "atlas_depth": 17, "num_slices": 17, "slice_depth": 1, "0_weights": [[0.2116028070449829, 2.2963271141052246, -0.22568272054195404, 2.445516347885132, 1.7560571432113647, -0.9133001565933228, 0.10422372817993164, 0.74822598695755, 1.774482250213623, 1.9552021026611328, -0.8346912264823914, 1.861641764640808, 0.8112166523933411, -0.11108880490064621, -0.27837422490119934, 0.7261008620262146], [0.4488697648048401, 1.6152539253234863, -0.14260731637477875, -3.3153235912323, 1.6807535886764526, -0.011071373708546162, -0.1924886554479599, 0.5444365739822388, 1.9349753856658936, 0.0488119050860405, 1.0032854080200195, 2.1119964122772217, 0.11805004626512527, 0.048612479120492935, -0.04789062589406967, 1.1846531629562378], [-1.1247273683547974, 1.7081090211868286, -0.1616772562265396, -0.7512724995613098, -1.9630190134048462, -0.39565807580947876, 0.010865142568945885, 1.9364128112792969, 1.5679106712341309, 0.905613124370575, 0.5864951014518738, 0.2956017851829529, 0.10857387632131577, -0.03949173912405968, -0.26874247193336487, 1.8083266019821167], [-0.12960433959960938, 8.367162704467773, -0.19823606312274933, 8.356419563293457, 3.2068421840667725, 4.637099266052246, -0.021455151960253716, -3.427588939666748, 5.109614372253418, 4.270350933074951, -12.87642765045166, -6.693021297454834, -16.046947479248047, -0.07768537849187851, -4.1677398681640625, 2.99015736579895], [0.48701536655426025, -0.5381445288658142, -0.15704527497291565, 0.13033564388751984, -1.4775218963623047, -2.574324369430542, -0.078341543674469, -0.11842215061187744, 0.2564505636692047, 1.0012876987457275, 1.5171059370040894, -0.9733070135116577, -5.214643478393555, -0.11567078530788422, -0.10504914075136185, 1.760538101196289], [0.646458625793457, -1.0484254360198975, -0.23455284535884857, -0.20651991665363312, -0.7265071272850037, -3.144603967666626, -0.1898380070924759, -0.07218252122402191, -0.9326456189155579, -0.26503390073776245, 1.2503827810287476, -0.817441999912262, -0.27235147356987, -0.02520892396569252, 0.6041921377182007, 0.9534520506858826], [2.7177743911743164, -0.9574083685874939, 0.02396431379020214, -1.5611951351165771, -1.319868803024292, 0.16367919743061066, -0.14928562939167023, 2.8518543243408203, 0.5248140096664429, -0.5193032622337341, 0.8528282642364502, -1.146884560585022, 1.9187461137771606, -0.18355795741081238, 2.082050323486328, -0.8084397315979004], [0.22315973043441772, 0.21633422374725342, -0.04061349481344223, 0.18149763345718384, 0.04966495558619499, -0.23251625895500183, -0.03775377571582794, 0.2950454652309418, 0.037807170301675797, 0.13370344042778015, -0.35655394196510315, 0.10693111270666122, -0.041121672838926315, -0.0930359736084938, -0.3477548360824585, 0.0522879995405674], [-0.4593752920627594, 0.21601366996765137, 0.061786092817783356, 0.7229316830635071, 0.6476383805274963, -0.1232021227478981, -0.1813598871231079, 0.24682632088661194, -0.09579377621412277, -0.20652011036872864, 0.09999972581863403, 0.5583575367927551, 0.14758825302124023, -0.0016048047691583633, 0.5607059001922607, 0.24538388848304749], [0.38095584511756897, 0.035017240792512894, 0.035074248909950256, -0.26736146211624146, -0.1612078845500946, -0.38288649916648865, 0.052876003086566925, 0.43885043263435364, -0.15637533366680145, 0.042816273868083954, 0.24558700621128082, -0.4434274137020111, -0.06865407526493073, -0.0002774996683001518, 0.10475636273622513, 0.07150750607252121], [0.2820225656032562, 0.27883580327033997, 0.04918118193745613, 0.006697691045701504, -0.2228180319070816, 0.055608898401260376, -0.05481637641787529, 0.09307605773210526, 0.1713637262582779, 0.2415313869714737, -0.37541642785072327, -0.10400436818599701, -0.09071182459592819, -0.037409186363220215, -0.4601912796497345, -0.08920169621706009], [-0.5586885213851929, -0.05488567799329758, 0.05450830236077309, 0.5783823132514954, 0.5331389904022217, 0.07459396868944168, -0.05877973139286041, 0.29413044452667236, 0.23729777336120605, -0.3879941999912262, 0.09243448823690414, 0.36507749557495117, 0.23318752646446228, -0.16004455089569092, 0.4865047335624695, 0.07286762446165085], [0.40227025747299194, -0.1269109547138214, 0.29034918546676636, 0.03469445928931236, -0.3077888488769531, -0.1306789368391037, -0.0911865085363388, 0.47846129536628723, -0.25226646661758423, -0.09916771203279495, 0.2808225750923157, -0.4534861147403717, 0.06732722371816635, 0.061773303896188736, 0.06931724399328232, 0.24480536580085754], [-0.012426481582224369, -0.17311806976795197, 0.04164037108421326, -0.3341430425643921, -0.024116935208439827, 0.1568039506673813, -0.03671625629067421, -0.06864683330059052, -0.11010709404945374, -0.004347290378063917, 0.05170818045735359, -0.33306586742401123, 0.14542730152606964, 0.06181272491812706, -0.2264435589313507, 0.20923647284507751], [-0.47942036390304565, 0.2493131160736084, -0.13652077317237854, 0.6820045709609985, 0.20897150039672852, -0.012981461361050606, 0.02301846817135811, -0.02208133600652218, 0.43395715951919556, -0.34533828496932983, -0.04174777492880821, 0.4712235927581787, -0.046845730394124985, -0.022028259932994843, 0.4334770739078522, 0.38689476251602173], [0.5169116258621216, -0.255313515663147, 0.03160663694143295, -0.24470749497413635, -0.2236246019601822, -0.2644062042236328, 0.20054392516613007, 0.6444696187973022, -0.1551721692085266, -0.13065966963768005, 0.4283500611782074, -0.16939224302768707, 0.09815286844968796, -0.010757491923868656, 0.21352747082710266, 0.2135964035987854], [0.204825296998024, 0.07888384908437729, -0.0736364796757698, 0.25729072093963623, -0.0029312926344573498, -0.05766630172729492, 0.11791730672121048, -0.017196515575051308, 0.11484712362289429, 0.3395487368106842, 0.7963640689849854, 0.32757076621055603, -0.02081403136253357, -0.0966811329126358, -0.224305659532547, -0.3166210949420929], [0.6322064399719238, -0.27361682057380676, -0.017187630757689476, -0.40709802508354187, -0.6952502131462097, 0.035071961581707, 0.046964380890131, -0.34524211287498474, -0.07206974923610687, 0.20237676799297333, 0.3271491825580597, -0.19519351422786713, -0.03890946879982948, 0.030896497890353203, -0.9237223863601685, -0.01645614579319954], [0.2238464504480362, -0.07358371466398239, 0.12518854439258575, 0.17640604078769684, 0.9661173224449158, 0.014373373240232468, -0.00908050686120987, 0.6592170000076294, -0.038768693804740906, -0.2724522650241852, 0.6510175466537476, -0.10726884007453918, -0.02401699498295784, -0.04557150974869728, 0.3608416020870209, 0.2335745394229889], [-0.007978487759828568, 0.06256156414747238, -0.09306146204471588, 0.04734622687101364, 0.04122712090611458, -0.0007427530363202095, -0.02978348173201084, 0.16087466478347778, 0.015620089136064053, -0.20899450778961182, -0.14496906101703644, -0.006535472813993692, 0.02988509275019169, 0.014374676160514355, 0.19619804620742798, 0.05020695924758911], [-0.0754854828119278, -0.021764269098639488, 0.02894413098692894, 0.030887195840477943, 0.18343494832515717, -0.01115840021520853, 0.13723649084568024, 0.09957902878522873, -0.01520104892551899, 0.10708362609148026, -0.0704251378774643, -0.03179948404431343, 0.023102441802620888, -0.045556675642728806, 0.22943902015686035, -0.11542250961065292], [-0.011233767494559288, -0.022946396842598915, 0.006995582487434149, 0.1086789146065712, 0.24067990481853485, 0.026694856584072113, 0.04346330836415291, 0.21118536591529846, 0.14489184319972992, 0.35985037684440613, 0.34145301580429077, 0.45476070046424866, -0.10061188042163849, -0.19880570471286774, 0.3366020917892456, 0.26226940751075745], [-0.37887445092201233, 0.006606049370020628, -0.07899386435747147, 0.06364263594150543, -0.026147136464715004, 0.329697847366333, -0.0922231450676918, -0.2093885838985443, 0.20283228158950806, 