{"triplane_resolution": 2048, "triplane_voxel_size": 0.001953125, "sparse_grid_resolution": 512, "sparse_grid_voxel_size": 0.0078125, "range_features": [-7.0, 7.0], "range_density": [-14.0, 14.0], "data_block_size": 16, "atlas_width": 697, "atlas_height": 493, "atlas_depth": 17, "num_slices": 17, "slice_depth": 1, "0_weights": [[0.0813974142074585, -1.1059552431106567, 3.6505768299102783, -0.12047157436609268, 1.3850082159042358, -1.967078685760498, -0.23583893477916718, 0.36511528491973877, 0.9110400676727295, 0.08904869109392166, 0.054809845983982086, -3.5505051612854004, -0.03969728201627731, 1.0617426633834839, 0.11357875913381577, 3.0654852390289307], [-0.1840856671333313, 0.10894446820020676, -1.004723072052002, -0.19853951036930084, -1.0632927417755127, 4.519460201263428, 2.6649978160858154, 2.138303279876709, -0.22205603122711182, -0.5135490298271179, 1.572017788887024, 3.792112350463867, -0.26617497205734253, -0.40764614939689636, 0.02757389470934868, -0.6349085569381714], [1.4743157625198364, 2.7835769653320312, 3.449418306350708, -0.821750283241272, 0.3185623586177826, 0.6555519700050354, 4.3650898933410645, -1.2903004884719849, 5.563222885131836, -0.8131529688835144, 4.837502956390381, 2.9193410873413086, -0.17198224365711212, 2.105807304382324, 0.04284752532839775, 1.4424638748168945], [-0.6209670305252075, -0.9052271842956543, 1.4270540475845337, -8.088967323303223, -0.9857558608055115, -1.452114462852478, -2.635530471801758, 0.6061190366744995, -0.7403039336204529, -0.9273179173469543, -0.909214437007904, 1.8006634712219238, -0.2539030611515045, -1.8231736421585083, 0.48725154995918274, -0.7396238446235657], [-0.8310599327087402, 0.024863891303539276, -0.27342015504837036, -7.69815731048584, 0.03884735330939293, 0.09746881574392319, -0.22961269319057465, 0.3100699782371521, 0.07643240690231323, -0.9324105978012085, 0.09702570736408234, 0.006189133506268263, -0.05647148936986923, -0.1809125542640686, -0.1917552947998047, -0.38424423336982727], [-0.8171241283416748, -0.1813787966966629, -0.2851996421813965, -7.602743148803711, -0.0575639046728611, -0.1309691220521927, -0.6707131266593933, 0.5075992345809937, -0.15286803245544434, -0.9989299178123474, -0.004470058251172304, -0.1524752825498581, -0.3194083273410797, 0.07796428352594376, 4.138744407100603e-05, -0.44001534581184387], [-0.950532853603363, -0.059951845556497574, -0.20800350606441498, -7.696774482727051, 0.15632858872413635, 0.09145636111497879, -0.14379680156707764, 0.403335839509964, 0.004849022254347801, -0.9661571383476257, 0.03532451391220093, -0.03754343464970589, -0.15996778011322021, -0.07845224440097809, -0.1407352089881897, -0.38728204369544983], [-0.6213281154632568, -0.1975490152835846, 0.04545887932181358, 0.02564113214612007, 0.5171595215797424, 0.4462856650352478, -0.38731664419174194, -1.2131165266036987, 0.09389327466487885, 0.05353299155831337, -0.19628311693668365, -0.07009394466876984, 0.12625820934772491, 0.08979786187410355, -0.6786224246025085, -0.02296588197350502], [-0.28121715784072876, 0.35438272356987, -0.3609013557434082, 0.18511448800563812, -0.07799909263849258, 0.0019141982775181532, -0.15334786474704742, -0.21970203518867493, -0.25370481610298157, 0.0306900255382061, 0.1194862425327301, -0.20879046618938446, -0.08478006720542908, 0.2269774079322815, 0.17164066433906555, -0.10857958346605301], [0.8560484051704407, -0.33536583185195923, 0.14233538508415222, -0.1024952381849289, -0.6850106716156006, 0.07104869931936264, 0.12156324088573456, 0.968124270439148, -0.22009845077991486, -0.17287197709083557, 0.057238638401031494, 0.14105218648910522, 0.08121521770954132, -0.3117460012435913, 1.5487616062164307, 0.1980476975440979], [-0.4286203682422638, 0.02336741052567959, 0.00680005457252264, -0.043544474989175797, 0.2872288227081299, 0.25321969389915466, -0.41248655319213867, -1.165433645248413, -0.04058998450636864, -0.16105802357196808, -0.06320685893297195, -0.04270689934492111, 0.1672060787677765, 0.09433828294277191, -0.4563455879688263, -0.04554397612810135], [-0.4897783398628235, 0.46157947182655334, -0.13619984686374664, -0.03432687371969223, 0.07388225197792053, 0.08193913102149963, -0.33573442697525024, 0.02036154456436634, -0.25628116726875305, 0.16643302142620087, 0.095281682908535, -0.07455483078956604, 0.05782900005578995, 0.3198811709880829, 0.0556243471801281, -0.2435312271118164], [0.6005492806434631, -0.1985636204481125, 0.3036971688270569, -0.16013553738594055, -0.6600319147109985, -0.08625403791666031, 0.16624568402767181, 1.102501630783081, -0.05553603917360306, 0.01118530984967947, 0.018969357013702393, 0.29375728964805603, 0.11806334555149078, -0.3642994165420532, 1.348589301109314, 0.021035069599747658], [-0.33163732290267944, 0.008304144255816936, -0.043703801929950714, 0.12442897260189056, -0.12920311093330383, 0.14247816801071167, 0.029084280133247375, -1.167696475982666, -0.0020569695625454187, 0.03998866304755211, 0.15613427758216858, 0.20899814367294312, -0.07958289980888367, 0.25136151909828186, -0.5747541785240173, -0.10532975196838379], [-0.5638448596000671, -0.16778211295604706, 0.019987329840660095, -0.08104848116636276, 0.08894547820091248, 0.040570568293333054, 0.09069468826055527, -0.07523809373378754, -0.18417686223983765, 0.01493963971734047, -0.08467753976583481, 0.08545403927564621, -0.09015587717294693, 0.2776775062084198, 0.26917463541030884, -0.045434147119522095], [0.6476857662200928, -0.11973398923873901, 0.22283099591732025, -0.03382153436541557, -0.25402092933654785, 0.1390206515789032, -0.16419155895709991, 0.9525378346443176, -0.07905443757772446, -0.0864655151963234, 0.13707563281059265, 0.26568159461021423, 0.03296812251210213, -0.15729603171348572, 1.3861223459243774, -0.09907282143831253], [-0.07131218910217285, -0.03731638565659523, -0.023368561640381813, -0.16416475176811218, -0.01681484840810299, -0.20113851130008698, -0.046601809561252594, 0.1693774312734604, 0.05232151225209236, -0.12627862393856049, 0.05672982335090637, -0.056348323822021484, -0.04355736821889877, -0.4732937514781952, -0.05606844276189804, -0.053552765399217606], [-0.6831180453300476, -0.4390435814857483, 0.14057111740112305, -0.03436438739299774, -0.11255934834480286, -0.1188720241189003, -0.07188007235527039, -0.03556174412369728, 0.011027410626411438, 0.011237528175115585, 0.14675073325634003, 0.04667632281780243, -0.030464880168437958, -0.10124807804822922, 0.20027635991573334, 0.0200043972581625], [-1.0563905239105225, 0.27875304222106934, 0.04963160678744316, 0.6049304604530334, 0.7672886252403259, -0.03955322876572609, -0.19719024002552032, 0.3086709678173065, 0.5127534866333008, -0.2998618185520172, 0.21831129491329193, 0.03414139896631241, -0.02318701520562172, 0.8997384905815125, -1.7083436250686646, -0.5187059640884399], [0.07258874177932739, 0.012888673692941666, 0.009089898318052292, -0.018089715391397476, 0.037121132016181946, 0.02695750817656517, 0.012287350371479988, -0.09889961034059525, -0.013927305117249489, 0.1617746502161026, -0.02408437989652157, 0.02261512540280819, 0.06128492206335068, 0.08725962042808533, 0.21608202159404755, 0.020463939756155014], [-0.047364745289087296, 0.13504134118556976, -0.03507217392325401, -0.09398550540208817, 0.016160747036337852, 0.008805861696600914, -0.05158020555973053, -0.026778951287269592, 0.018659038469195366, 0.15517227351665497, -0.0746939554810524, -0.036936089396476746, 0.0008840678492560983, 0.047805916517972946, -0.04982608184218407, -0.023601729422807693], [0.947231113910675, 0.6607041358947754, 0.031151875853538513, 0.11109805852174759, 0.4668014347553253, 0.0364781878888607, -0.19460192322731018, -3.423943519592285, 0.067865289747715, -0.6474732160568237, -0.0067909942008554935, -0.0014713718555867672, 0.0639963373541832, 0.3597085177898407, 1.3200230598449707, 0.194425567984581], [-0.007048024330288172, 0.2732076048851013, 0.06314877420663834, 0.1650499850511551, 0.13714054226875305, 0.0591900534927845, 0.3802527189254761, -0.01827172562479973, 