{"triplane_resolution": 4096, "triplane_voxel_size": 0.0009765625, "sparse_grid_resolution": 512, "sparse_grid_voxel_size": 0.0078125, "range_features": [-7.0, 7.0], "range_density": [-14.0, 14.0], "data_block_size": 16, "atlas_width": 1751, "atlas_height": 255, "atlas_depth": 17, "num_slices": 17, "slice_depth": 1, "0_weights": [[-0.28697845339775085, -0.31152766942977905, 3.3923826217651367, -3.523261547088623, 0.610446035861969, -0.08422131836414337, 0.40147829055786133, -0.8356915712356567, 1.6055643558502197, -0.14305822551250458, -0.8681996464729309, -1.015807032585144, -0.1740928441286087, -0.1979864239692688, -0.028099780902266502, -0.5729537606239319], [-0.08344557881355286, -2.536947727203369, 1.86018967628479, 0.5820620059967041, -1.7713992595672607, -0.8638508319854736, 2.4320876598358154, 1.5379544496536255, 2.5278635025024414, -0.25364950299263, 3.491056442260742, 2.506404399871826, -0.4007675051689148, -1.3768483400344849, -0.05721350386738777, 1.0855045318603516], [0.013225957751274109, -2.0317225456237793, 0.37464532256126404, 4.952566146850586, -2.3836705684661865, 2.4482784271240234, 4.362520217895508, 0.08105923980474472, -4.046266078948975, 0.02474731206893921, -2.0596752166748047, -0.79063481092453, -0.3098745048046112, -3.4799368381500244, -0.1904105693101883, -0.47004514932632446], [-0.38969066739082336, -0.10155481100082397, -0.32445600628852844, -0.03394492715597153, -0.4003831744194031, -0.23694582283496857, -0.36535248160362244, -1.1157869100570679, 0.30545514822006226, -0.14036795496940613, -0.2899268865585327, -0.3766014575958252, -0.3335115313529968, -0.3134177029132843, 0.015993373468518257, 0.013907174579799175], [0.26759856939315796, -0.17966437339782715, -0.7165904641151428, -0.15690314769744873, -0.2153041809797287, 0.6161711812019348, -0.31122416257858276, -0.41758599877357483, -0.25272372364997864, -0.17512287199497223, -0.8685940504074097, -2.636489152908325, -0.04166312888264656, -0.17934873700141907, -0.22005626559257507, 0.8378996253013611], [0.45498666167259216, -0.303917795419693, -0.02643468789756298, -0.5164778232574463, 0.11983256787061691, -2.469289541244507, -1.612149715423584, -0.19600960612297058, -1.229128360748291, -0.20329096913337708, -0.6561618447303772, -0.28897759318351746, -0.3229541778564453, -1.7420024871826172, -0.03277401998639107, 0.5562312006950378], [-0.4128551483154297, 0.013871405273675919, -0.354144424200058, -0.09357854723930359, -0.16662533581256866, 0.12981146574020386, -0.24426975846290588, -1.2239117622375488, 0.22523923218250275, -0.2649138569831848, -0.190346360206604, -0.19344617426395416, -0.1499990075826645, -0.21046368777751923, -0.15825986862182617, -0.13799092173576355], [-1.171730399131775, -0.04755713790655136, -0.07173168659210205, -0.13181571662425995, 0.3950432240962982, -0.0347370021045208, -0.1067185178399086, -0.5902687907218933, 0.4997181296348572, -0.048482686281204224, -0.17324212193489075, 0.17712704837322235, 0.048634953796863556, -0.10811283439397812, -0.1663074940443039, -0.94730144739151], [0.10450524836778641, -0.2608828544616699, -0.22797521948814392, 0.20616140961647034, -0.2926112711429596, -0.22730953991413116, 0.1582857072353363, -0.3293135464191437, 0.23987196385860443, -0.05199120193719864, 0.09001406282186508, -0.23730230331420898, 0.0817355364561081, -0.5598645210266113, 0.02975558489561081, -0.18591362237930298], [2.005607843399048, -0.34554043412208557, -0.061082061380147934, -0.03289053216576576, -0.6058583855628967, -0.2521926462650299, 0.03974595665931702, 1.2446677684783936, -0.2957704961299896, -0.017812255769968033, -0.28148597478866577, -0.22250743210315704, -0.038836974650621414, -0.24354144930839539, 0.10494574159383774, 1.5217807292938232], [-0.9497785568237305, 0.13385172188282013, -0.05167416110634804, -0.10473059117794037, 0.25628161430358887, -0.11507898569107056, -0.12719061970710754, -0.6271053552627563, 0.2636333405971527, -0.26050493121147156, -0.08044040203094482, 0.13185711205005646, 0.11307952553033829, -0.11140013486146927, 0.031289130449295044, -0.9564210772514343], [-0.08054616302251816, 0.1046079695224762, -0.03598887845873833, -0.007611572276800871, 0.004382904153317213, -0.18808530271053314, -0.1060590073466301, 0.04761423543095589, 0.09884505718946457, 0.0865931585431099, 0.11909832060337067, -0.034708112478256226, 0.22132252156734467, -0.23265571892261505, -0.0807911604642868, -0.2127266824245453], [1.6734302043914795, -0.228568434715271, 0.0920240730047226, -0.11119858175516129, -0.6129181981086731, -0.3782358765602112, 0.08454279601573944, 1.3347625732421875, -0.12608130276203156, 0.17164777219295502, -0.33570078015327454, -0.05570880323648453, -0.00032008052221499383, -0.3181886076927185, -0.05514015257358551, 1.3446921110153198], [-0.7608103156089783, 0.013945705257356167, 0.053388435393571854, 0.3027108609676361, 0.09401308000087738, 0.08408232033252716, 0.3168240487575531, -0.9176658391952515, 0.014635301195085049, -0.050439998507499695, 0.021716004237532616, 0.16538460552692413, -0.13573352992534637, 0.04157152771949768, -0.16223712265491486, -0.9409883618354797], [-0.08973243087530136, 0.17521435022354126, 0.03128238394856453, -0.04601883515715599, 0.3855714499950409, -0.3287326395511627, 0.09515099972486496, 0.3078506588935852, -0.18767380714416504, -0.06803750991821289, 0.07851972430944443, 0.336546391248703, 0.059335559606552124, 0.37918901443481445, 0.14432527124881744, 0.2841632664203644], [1.4682527780532837, -0.1999368667602539, -0.003742167027667165, -0.05098222941160202, -0.29521211981773376, -0.06102919578552246, -0.24595680832862854, 1.0408889055252075, -0.1477331519126892, 0.09359872341156006, -0.25549015402793884, -0.0398898646235466, -0.07898645102977753, -0.18612903356552124, 0.13471736013889313, 1.2126694917678833], [-0.07244999706745148, -0.04622599482536316, -0.01318875327706337, -0.1238563284277916, -0.006297306623309851, -0.010229583829641342, -0.09085545688867569, 0.2909390330314636, -0.014661481603980064, -0.0035450533032417297, 0.02831633761525154, -0.18906882405281067, 0.04227199777960777, 0.012350563891232014, 0.0498858280479908, 0.2674078643321991], [-0.04378177598118782, -0.055700261145830154, 0.03350606560707092, 0.030789965763688087, -0.16240361332893372, 0.13133324682712555, -0.029942303895950317, -0.11388975381851196, 0.0386950708925724, -0.013951055705547333, 0.008521384559571743, -0.06869801878929138, 0.06011060252785683, -0.03694206848740578, -0.01742434687912464, -0.06401084363460541], [-2.5978736877441406, 0.24379633367061615, 0.06820179522037506, 0.2755497395992279, 0.6483842134475708, 0.24812579154968262, 0.3262350857257843, -0.0005209321388974786, 0.17756527662277222, 0.00659889867529273, 0.03668125346302986, -0.25533244013786316, 0.00395705783739686, 0.055447258055210114, -0.014158455654978752, 0.4915468394756317], [0.20650367438793182, 0.008679375052452087, -0.001522402511909604, 0.00532411178573966, -0.005216599907726049, -0.00644781906157732, 0.00931286159902811, -0.00568344397470355, -0.02017318457365036, 0.07214100658893585, -0.013459126465022564, 0.028361143544316292, -0.12185224890708923, -0.010739314369857311, -0.00011690652900142595, 0.010539019480347633], [-0.0020187068730592728, -0.001450924202799797, -0.015704816207289696, -0.034028418362140656, 0.04399450868368149, -0.01097429171204567, -0.029441479593515396, -0.005516498815268278, -0.037417810410261154, -0.026524726301431656, 0.01011686772108078, -0.0072077056393027306, -0.04635569080710411, 0.0001761552703101188, -0.007983661256730556, -0.0467754565179348], [2.185877561569214, 0.06146930158138275, -0.004200158640742302, -0.07966040819883347, 0.2253289818763733, 0.051362182945013046, -0.148546501994133, -1.934773564338684, 0.04817532002925873, -0.09482670575380325, 0.17035725712776184, 0.1847740262746811, -0.03521580621600151, 0.09010425209999084, 0.028691645711660385, -2.5632712841033936], [-0.32150334119796753, 0.46647801995277405, 0.27777308225631714, -0.08771847933530807, 0.15260888636112213, 