{"triplane_resolution": 4096, "triplane_voxel_size": 0.0009765625, "sparse_grid_resolution": 512, "sparse_grid_voxel_size": 0.0078125, "range_features": [-7.0, 7.0], "range_density": [-14.0, 14.0], "data_block_size": 8, "atlas_width": 2034, "atlas_height": 639, "atlas_depth": 9, "num_slices": 9, "slice_depth": 1, "0_weights": [[1.7604657411575317, -0.7100757956504822, 0.840538501739502, -0.6910483241081238, 1.2199028730392456, 0.8924768567085266, 3.0232720375061035, -0.30102983117103577, 1.8379197120666504, 2.0856587886810303, -1.3053433895111084, 1.769454836845398, 0.24267196655273438, 1.8637937307357788, 1.7816591262817383, -4.181162357330322], [1.5986875295639038, -0.8004753589630127, -1.4255836009979248, -1.0118595361709595, -0.24267970025539398, 1.2312366962432861, 2.230825185775757, -0.033369746059179306, 0.7544856071472168, 2.0886051654815674, 0.9947961568832397, 0.18709738552570343, 0.36095935106277466, 0.8698045015335083, -0.19107230007648468, -1.5215284824371338], [0.7498626112937927, 0.6612716913223267, -3.4986531734466553, -15.261506080627441, -3.612560987472534, -0.6241133213043213, 0.20505613088607788, 0.006897880230098963, -1.1160179376602173, 0.49977627396583557, 2.8767685890197754, -3.7925562858581543, 0.1283676028251648, -0.6691166162490845, -2.8377785682678223, 3.1082489490509033], [0.35644492506980896, -10.077585220336914, -1.580904483795166, 0.4046410918235779, 1.2989481687545776, 0.5004141330718994, 0.7053280472755432, -0.018744951114058495, -0.2305963784456253, -1.934084415435791, 2.154841423034668, -0.05021282285451889, 0.31817927956581116, -0.4379022419452667, -5.619916915893555, -0.28496551513671875], [23.746339797973633, 5.597705364227295, 11.553396224975586, 1.2226155996322632, -14.85891056060791, 23.50313949584961, 28.021608352661133, -0.09405025094747543, 25.39100456237793, -7.202679634094238, -1.2723225355148315, -11.816068649291992, -3.8800177574157715, -27.188608169555664, -32.748687744140625, -6.543172359466553], [6.897289752960205, -1.4022847414016724, -0.6191927790641785, -0.5372971892356873, -9.064358711242676, 9.375910758972168, 12.373204231262207, 0.02229268290102482, 9.136810302734375, -2.065894842147827, -0.8780357837677002, -9.985490798950195, -3.2068443298339844, -20.04616928100586, -18.491432189941406, -1.862237572669983], [-0.6748442649841309, -1.3201038837432861, -0.02311348170042038, -0.3099219799041748, -1.4570282697677612, -0.5822893381118774, -0.5523615479469299, -0.1694859266281128, -0.9707766771316528, -0.5109123587608337, -0.15194697678089142, 0.8135407567024231, -0.5814695954322815, 0.7680228352546692, 0.7331821322441101, -0.43954795598983765], [-0.1484854817390442, 0.218489408493042, 0.18589647114276886, -0.009841465391218662, -0.17156405746936798, -0.5636268854141235, -0.06397111713886261, -0.06796551495790482, -0.34462055563926697, 0.3722250759601593, -0.1201154813170433, -0.44240275025367737, -1.2383381128311157, -0.10280042886734009, -0.26580414175987244, -0.11501913517713547], [-0.02032329887151718, 0.03448156267404556, -0.03871640935540199, -0.07286936789751053, -0.18177063763141632, 0.340650349855423, -0.07835578918457031, -0.12334424257278442, 0.2393542230129242, -0.02655474841594696, 0.2891016900539398, 0.435629665851593, 0.09544473141431808, -0.2663828432559967, -0.0037515328731387854, 0.18787993490695953], [-0.18809619545936584, -0.052815258502960205, -0.24056623876094818, 0.011232347227633, -0.2513571083545685, 0.05879752337932587, 0.09204086661338806, 0.14586547017097473, 0.01156406756490469, -0.13413923978805542, 0.08026467263698578, 0.15686708688735962, 2.3428008556365967, 0.2377266138792038, 0.0976613461971283, 0.02104678377509117], [-0.22170831263065338, 0.0330030657351017, 0.08464864641427994, 0.09121619910001755, -0.12805697321891785, -0.27947986125946045, -0.013963940553367138, 0.1028163880109787, -0.23830349743366241, 0.22486980259418488, -0.09505286812782288, -0.16365239024162292, -1.3458917140960693, -0.28388047218322754, -0.026439005509018898, -0.0444449819624424], [0.057810865342617035, 0.09050420671701431, -0.15563586354255676, -0.06173503398895264, -0.12643219530582428, 0.33056846261024475, 0.031962692737579346, 0.1539599597454071, 0.284787654876709, -0.09196701645851135, 0.2718236744403839, 0.18157336115837097, 0.09660711139440536, -0.4364092946052551, 0.03831162676215172, 0.09266233444213867], [-0.05685042217373848, -0.23398683965206146, -0.18011312186717987, -0.017639994621276855, -0.3735800087451935, -0.13368143141269684, -0.02202768437564373, -0.07562843710184097, -0.3153223991394043, -0.3852219581604004, 0.23367053270339966, 0.02853846363723278, 2.4350483417510986, 0.2682981491088867, -0.014649291522800922, -0.049279965460300446], [-0.022173356264829636, -0.08724050223827362, 0.11695379763841629, -0.09534156322479248, -0.25110721588134766, -0.20377901196479797, -0.04347095638513565, -0.21226033568382263, -0.13221147656440735, 0.1955268234014511, -0.05225718766450882, -0.2587716281414032, -1.0064440965652466, -0.3465431332588196, -0.11284381151199341, -0.06069999560713768], [-0.015128971077501774, -0.16602282226085663, -0.13477016985416412, 0.11991795897483826, 0.13846023380756378, 0.2621406614780426, 0.03996206820011139, 0.010239090770483017, 0.04621163755655289, 0.09332335740327835, 0.37201473116874695, 0.10579866915941238, -0.017451662570238113, -0.4483622610569, 0.22005246579647064, 0.0964166671037674], [-0.28040948510169983, -0.14975310862064362, -0.09422221034765244, -0.18263298273086548, -0.39064741134643555, -0.24530455470085144, 0.08131447434425354, -0.009627952240407467, -0.1693546026945114, -0.1440323293209076, 0.2488469034433365, 0.15608640015125275, 2.0200164318084717, 0.3321283459663391, 0.16294433176517487, -0.08445129543542862], [-0.06115315482020378, 0.006943533197045326, 0.058683644980192184, -0.0036069266498088837, -0.02673979289829731, 0.1361442357301712, 0.0626622810959816, 0.036725305020809174, 0.08592836558818817, -0.046055663377046585, -0.015939854085445404, 0.1695081889629364, 0.3006589114665985, -0.590051531791687, -0.2532788813114166, -0.07581992447376251], [0.02777453511953354, 0.03702012449502945, 0.015405870042741299, -0.0013554270844906569, -0.020805392414331436, -0.21267670392990112, -0.03960456699132919, -0.08798790723085403, -0.05476338788866997, 0.03342270106077194, -0.18528634309768677, -0.05884793400764465, 0.0012021656148135662, -0.8088797330856323, -0.20033271610736847, -0.04617530480027199], [0.5671621561050415, 0.04356377199292183, -0.18882963061332703, 0.3905820846557617, -0.21750424802303314, -0.9328500628471375, -0.2093942016363144, -0.041429467499256134, 0.5050078630447388, 0.42265862226486206, -0.05650149658322334, -0.5065276026725769, -2.583035469055176, 0.06985093653202057, -0.16486415266990662, -0.12464150786399841], [0.02084168791770935, -0.00040883172187022865, -0.004713069181889296, 0.01582629792392254, 0.021669646725058556, -0.004875051788985729, -0.007410325109958649, 0.059877414256334305, -0.031250741332769394, 0.0013176933862268925, 0.022128837183117867, -0.01718069054186344, 0.06447520852088928, 0.19485658407211304, 0.06469029933214188, 0.029858296737074852], [-0.00907138828188181, 0.00433940626680851, 0.003997115418314934, -0.008130739443004131, -0.02222469449043274, 0.020379845052957535, -0.00017603104060981423, -0.008984497748315334, 0.009066685102880001, -0.02354772388935089, 0.018716223537921906, 0.011127730831503868, -0.05579644441604614, 0.0218111053109169, 0.050631456077098846, 0.005939972121268511], [0.16457203030586243, 0.06540581583976746, -0.0015741889365017414, 0.024486282840371132, -0.1444132775068283, -0.7718096375465393, -0.15590529143810272, -0.08315448462963104, -0.013139675371348858, -0.005263110622763634, 0.14452172815799713, -0.21009939908981323, 1.6364694833755493, -0.2688363492488861, -0.09725885093212128, -0.1093728169798851], [0.29405462741851807, 0.26652875542640686, 0.17595167458057404, 0.23158489167690277, 0.47304990887641907, -0.054989177733659744, 0.008829719386994839, 