{"triplane_resolution": 2048, "triplane_voxel_size": 0.001953125, "sparse_grid_resolution": 512, "sparse_grid_voxel_size": 0.0078125, "range_features": [-7.0, 7.0], "range_density": [-14.0, 14.0], "data_block_size": 16, "atlas_width": 1564, "atlas_height": 323, "atlas_depth": 17, "num_slices": 17, "slice_depth": 1, "0_weights": [[2.7772982120513916, -13.653151512145996, -0.7285259962081909, 0.7086089849472046, -1.7305043935775757, 0.09700504690408707, 1.022714376449585, 0.6749424338340759, 1.7911407947540283, 1.5139726400375366, 3.8077023029327393, 2.9300649166107178, -1.9615100622177124, -1.5751920938491821, -0.3655582666397095, -0.5476914644241333], [0.4083205759525299, -16.825380325317383, -0.4814297556877136, 2.7213263511657715, -0.15170207619667053, 1.2944918870925903, 1.9562591314315796, 0.8438912630081177, 2.629220962524414, 0.30233240127563477, 3.9532947540283203, 0.793367326259613, -2.8162660598754883, 0.29556021094322205, 0.25860080122947693, -2.459401845932007], [-3.860032558441162, 5.920148849487305, 1.640450358390808, -16.21613311767578, 3.214616298675537, 1.3933849334716797, 2.4320545196533203, -2.3435280323028564, 0.5237613916397095, 0.27579039335250854, -4.0980753898620605, -3.5464093685150146, 0.4475161135196686, 1.734230875968933, 0.5653915405273438, 0.14725691080093384], [6.631703853607178, 8.658347129821777, -14.615202903747559, -2.1887640953063965, -0.4596221446990967, 10.662152290344238, 6.461118698120117, -1.3003110885620117, 16.673080444335938, 21.852922439575195, 3.1679847240448, 2.1006476879119873, 2.5416929721832275, 5.682329177856445, 3.3690316677093506, -12.878721237182617], [-21.094263076782227, 6.44346809387207, 2.449198007583618, 1.0339282751083374, -14.154679298400879, 24.861146926879883, 39.3109245300293, 4.46142578125, 30.969097137451172, 19.140098571777344, 8.714401245117188, -39.22994613647461, -0.6128494739532471, 1.2852129936218262, 0.3019182085990906, 9.785301208496094], [-18.973764419555664, 6.810809135437012, 2.532531261444092, 0.8229531049728394, -12.117204666137695, 23.87590217590332, 36.50237274169922, 6.113892078399658, 29.70859146118164, 19.862306594848633, 9.380398750305176, -36.40449905395508, -0.5289353728294373, 1.2194541692733765, 0.4898557960987091, 10.854226112365723], [-0.6759211421012878, -0.24207985401153564, 0.27436167001724243, 0.6085624694824219, -2.785982370376587, -0.051207881420850754, 0.027386173605918884, -0.5620347857475281, -0.15383049845695496, -0.09904811531305313, -0.2140982300043106, -0.12441226840019226, 1.0445761680603027, -1.3930643796920776, -0.8300331830978394, -0.2599957287311554], [-0.06424388289451599, 0.19409984350204468, 0.22180095314979553, 0.017326248809695244, 0.13216032087802887, -0.2900453507900238, -0.10740172117948532, -0.4492432177066803, 0.016526900231838226, 0.10569088160991669, 0.12789542973041534, -0.22863979637622833, 0.03440714627504349, 0.4112596809864044, -0.8634521961212158, -0.5223580598831177], [0.038944847881793976, 0.025898868218064308, -0.40968015789985657, -0.02633068896830082, -0.18059511482715607, -0.13685335218906403, -0.03796607255935669, 0.10921873152256012, 0.0574752613902092, -0.10992457717657089, -0.08251787722110748, 0.1805546134710312, 0.016557009890675545, 0.004742263350635767, -0.14818531274795532, 0.3834241032600403], [-0.18711046874523163, 0.07062841206789017, -0.034465499222278595, 0.11744343489408493, 0.05449964106082916, 0.04394492879509926, 0.1646815687417984, 0.504838228225708, 0.23737458884716034, -0.05144800245761871, -0.010920594446361065, 0.08861581981182098, 0.7555758357048035, -0.35716909170150757, 1.696505069732666, 0.19230309128761292], [-0.1288001537322998, 0.008020960725843906, 0.15668359398841858, 0.09487643092870712, 0.10576209425926208, -0.07327913492918015, -0.12140041589736938, -0.2524512708187103, 0.0586397610604763, -0.0561244934797287, 0.0794106274843216, 0.05625911056995392, -0.20104074478149414, 0.07940086722373962, -0.6329679489135742, -0.43755513429641724], [0.06678561121225357, 0.10432567447423935, -0.4784289300441742, -0.04040037840604782, -0.15326648950576782, -0.12714040279388428, 0.06861372292041779, 0.36811235547065735, 0.09787911176681519, -0.19825030863285065, -0.08345582336187363, -0.05887683480978012, 0.0001576883514644578, -0.12171915918588638, -0.11873182654380798, 0.2931872606277466], [-0.05471624433994293, -0.12492407113313675, 0.030076682567596436, 0.0857340395450592, -0.050132520496845245, -0.14342238008975983, 0.05425005778670311, 0.27334025502204895, -0.10376935452222824, -0.3213971257209778, 0.14582785964012146, -0.023283636197447777, 0.9333081245422363, -0.2491207867860794, 1.5433602333068848, 0.09392894804477692], [0.09016738831996918, -0.11165604740381241, 0.2866453230381012, -0.15176527202129364, -0.18386568129062653, -0.17608827352523804, -0.307186096906662, -0.48362594842910767, -0.01178286224603653, -0.11063946038484573, -0.07838677614927292, -0.03881122171878815, -0.25464311242103577, -0.31995075941085815, -0.6986432671546936, -0.41184201836586], [-0.14243295788764954, -0.09566675871610641, -0.37345948815345764, 0.0774441808462143, 0.07470400631427765, -0.12276177853345871, 0.0706995353102684, 0.16348788142204285, -0.14114759862422943, -0.06596485525369644, 0.07448865473270416, -0.0844133272767067, -0.15099075436592102, 0.003528900910168886, 0.045895498245954514, 0.3023727536201477], [-0.28393951058387756, -0.08423079550266266, 0.12390801310539246, -0.08665372431278229, -0.005824060644954443, -0.23524582386016846, 0.1690012514591217, 0.3089728057384491, -0.00640134746208787, -0.1410890817642212, 0.16446970403194427, 0.15552857518196106, 0.843303918838501, 0.06588757783174515, 1.5718790292739868, -0.028806783258914948], [0.048286862671375275, 0.012324357405304909, 0.2577973008155823, 0.056311722844839096, 0.06602755934000015, 0.11284907162189484, 0.08191987127065659, 0.43074434995651245, -0.0054725841619074345, 0.11594776064157486, 0.06607728451490402, -0.005761548411101103, -0.15754596889019012, 0.11335989087820053, 0.17864058911800385, -0.25110918283462524], [0.01409811619669199, 0.016844918951392174, 0.05842417851090431, -0.017289040610194206, -0.013228949159383774, -0.04473227262496948, 0.10082660615444183, -0.3110891580581665, 0.07920753210783005, 0.010809771716594696, -0.010052292607724667, 0.04018242284655571, 0.1944262832403183, -0.03464289754629135, -0.01246558502316475, -0.006712357979267836], [0.17368218302726746, 0.08936666697263718, -0.2862321734428406, 0.17885728180408478, 0.6258991360664368, -0.48524630069732666, 0.15343445539474487, 0.22357161343097687, 0.10127880424261093, -0.07332853972911835, -0.13991709053516388, -0.08888247609138489, -0.454120397567749, 1.4641568660736084, -1.7216646671295166, -0.49443554878234863], [-0.001820654608309269, 0.004206714686006308, -0.11369321495294571, 0.005862923339009285, -0.0037408412899821997, -0.09515830874443054, 0.07375708967447281, 0.0486893467605114, -0.013118989765644073, -0.03170475736260414, 0.00437569385394454, 0.0004480925854295492, 0.13506919145584106, 0.026098985224962234, 0.06645573675632477, -0.3749726116657257], [0.001081327791325748, -0.001281272852793336, 0.02711385488510132, -0.0025573710445314646, 0.019536705687642097, 0.003257330972701311, -0.03386111184954643, 0.0059830257669091225, -0.014297593384981155, -0.008381352759897709, 0.00024049650528468192, -0.0009038799325935543, -0.05326586961746216, 0.02265257015824318, -0.09825735539197922, 0.0221871305257082], [0.009508041664958, 0.016033094376325607, -0.20893295109272003, 0.038866076618433, 0.18123216927051544, -0.16326284408569336, 0.05248473957180977, -0.12072288990020752, -0.058441609144210815, -0.09186528623104095, -0.09311889111995697, -0.05020904541015625, -0.444688618183136, 0.39550548791885376, 0.9575236439704895, -1.0627843141555786], [0.28098052740097046, 0.061089739203453064, -0.09254956990480423, 0.040344491600990295, 0.5238533616065979, -0.11516613513231277, -0.1633191555738449, 0.2128642052412033, -0.033593129366636276, 0.30978715419769287, 