{"triplane_resolution": 2048, "triplane_voxel_size": 0.001953125, "sparse_grid_resolution": 512, "sparse_grid_voxel_size": 0.0078125, "range_features": [-7.0, 7.0], "range_density": [-14.0, 14.0], "data_block_size": 16, "atlas_width": 1785, "atlas_height": 340, "atlas_depth": 17, "num_slices": 17, "slice_depth": 1, "0_weights": [[-0.05388646572828293, -0.14998328685760498, 0.9405316710472107, -0.1851985603570938, -0.25520917773246765, 1.046633243560791, 0.44498252868652344, 0.4853580594062805, 0.6421947479248047, 0.4711109399795532, 0.2213481217622757, 2.1442694664001465, 0.08483162522315979, -0.16754573583602905, 0.5776249766349792, 0.36251863837242126], [-0.6967774033546448, 0.05453585088253021, 0.044084835797548294, 0.669306755065918, 0.18627288937568665, 0.19489680230617523, -0.2621452808380127, 0.006983868777751923, 0.9813948273658752, -1.2902110815048218, 0.20641256868839264, 0.5928009748458862, 0.10079696029424667, 0.3000624477863312, 0.38291460275650024, 0.2374901920557022], [-1.4403104782104492, 0.21579773724079132, 0.6940891742706299, 1.2821316719055176, 0.05856672301888466, -0.35433870553970337, -0.2638901174068451, -1.6402597427368164, 1.3429025411605835, -2.1012423038482666, -0.520478367805481, 0.0822586864233017, 0.017246248200535774, 1.4438914060592651, -0.732877254486084, -0.5322503447532654], [0.018699582666158676, -1.156833291053772, 2.14030385017395, -1.4700294733047485, -0.5332921743392944, 0.18505460023880005, -2.437145233154297, 1.3056391477584839, -0.3175843358039856, -1.03075110912323, 0.1280355304479599, -1.8180171251296997, -0.5545607209205627, -0.7224253416061401, 0.3375644385814667, 2.5126242637634277], [0.5933799743652344, 0.4017263948917389, 1.2515180110931396, -0.5146239399909973, -0.729211688041687, -0.2092263251543045, 0.2397284358739853, 0.7262672185897827, -1.3929868936538696, 0.8799532651901245, -0.035443466156721115, 1.6028103828430176, 0.14701010286808014, -1.0933505296707153, 0.08918412774801254, 0.007815428078174591], [-0.5635043978691101, 0.22792784869670868, -0.5894284248352051, -0.7881094217300415, -0.9013515710830688, -1.9053165912628174, 0.700676441192627, -2.305957317352295, 0.9109658002853394, -1.0611462593078613, -0.9382709860801697, 0.5134105682373047, -0.09054264426231384, -1.2847975492477417, -0.47351133823394775, -1.4684122800827026], [-0.18597842752933502, 0.07059258967638016, -0.15806511044502258, -0.42265477776527405, -0.9054191708564758, -2.4220616817474365, -0.5694109201431274, 1.4324558973312378, 0.954133927822113, -0.6981431245803833, -1.1846396923065186, -0.21100398898124695, 0.1474108248949051, 0.4165777564048767, -1.053929090499878, -0.11174841970205307], [-0.17053097486495972, -0.1865147352218628, 9.981915354728699e-06, -0.24794691801071167, 0.25915274024009705, -0.07725285738706589, -0.11035491526126862, -0.19964779913425446, -0.009205126203596592, -0.1616511046886444, -0.4056459069252014, -0.17618554830551147, -0.06389738619327545, -0.3521507978439331, -0.035757388919591904, 0.023880096152424812], [-0.014711524359881878, -0.0364287905395031, -0.04508872330188751, 0.2769055962562561, 0.19116251170635223, -0.07676637917757034, 0.05420006066560745, -0.12673862278461456, 0.012047482654452324, -0.3422635793685913, 0.026424385607242584, -0.08110984414815903, 0.16532553732395172, 0.19081249833106995, 0.3743146061897278, 0.055621109902858734], [0.009330748580396175, 0.6017233729362488, 0.30771684646606445, -0.37239134311676025, -0.46659770607948303, -0.07518120855093002, -0.12128835171461105, 0.11127140372991562, -0.05507635697722435, -0.3484322726726532, -0.25970473885536194, 0.5200805068016052, 1.5506302118301392, -0.3235424757003784, -0.26151368021965027, 0.17415672540664673], [0.007219713181257248, 0.06149740517139435, -0.025191081687808037, -0.26716527342796326, 0.1817198097705841, -0.12751154601573944, -0.2598751485347748, -0.051764149218797684, -0.07570918649435043, -0.3810619115829468, -0.30999693274497986, -0.10542382299900055, 0.04308273643255234, -0.25791963934898376, 0.20303969085216522, 0.033060476183891296], [-0.20906539261341095, 0.19264400005340576, 0.0600547268986702, 0.005882711615413427, 0.2467603236436844, 0.0252069104462862, -0.23928114771842957, 0.10030515491962433, -0.012872053310275078, -0.21906183660030365, -0.00613184180110693, -0.027657778933644295, 0.31631922721862793, 0.18381719291210175, 0.28624656796455383, -0.08312772214412689], [-0.21972671151161194, 0.7035987377166748, 0.473774790763855, -0.43089237809181213, -0.4981065094470978, -0.1821751743555069, -0.04578009992837906, 0.3168838918209076, 0.1009092777967453, -0.15763062238693237, -0.3025670349597931, 0.7013022303581238, 1.5073652267456055, -0.37910568714141846, -0.4063841998577118, 0.03220285102725029], [0.04883621633052826, 0.11123749613761902, -0.03049984574317932, 0.04121498763561249, 0.18320482969284058, 0.10662038624286652, -0.14672426879405975, 0.17305777966976166, 0.14376266300678253, -0.18576984107494354, -0.19260239601135254, 0.23242174088954926, -0.04476098343729973, 0.1600891500711441, 0.09395819902420044, 0.07050363719463348], [-0.22018975019454956, -0.09013320505619049, -0.11344867944717407, -0.16881020367145538, -0.007903794758021832, 0.04019680991768837, -0.09631211310625076, -0.027223454788327217, -0.012285285629332066, -0.4209449589252472, -0.20506995916366577, -0.08731548488140106, 0.1751394271850586, -0.11716721951961517, 0.554771363735199, 0.08203605562448502], [-0.07496130466461182, 0.6767936944961548, 0.40952637791633606, -0.31738603115081787, -0.2712901830673218, 0.1900492161512375, -0.29085129499435425, 0.3819742500782013, 0.044771622866392136, -0.22927948832511902, -0.20017889142036438, 0.7620874643325806, 1.1429903507232666, -0.1888669729232788, -0.1665227860212326, 0.010188721120357513], [-0.1944568157196045, -0.018864648416638374, 0.007510506082326174, 0.0811353474855423, 0.021518632769584656, -0.008116173557937145, -0.008203009143471718, -0.05928178131580353, -0.04762353375554085, -0.0752069354057312, 0.14244690537452698, -0.0430181622505188, 0.0898718535900116, 0.14621345698833466, -0.18474426865577698, -0.05776866152882576], [0.7810461521148682, 0.29168829321861267, 0.09394292533397675, 0.15789274871349335, -0.059641480445861816, 0.008832952007651329, 0.19936412572860718, 0.02566521428525448, 0.00964677706360817, -0.7872924208641052, 0.06010717153549194, 0.12006914615631104, -0.23551054298877716, -0.25994858145713806, -0.21430207788944244, -0.03634722903370857], [-0.2958376407623291, 0.7215873003005981, 0.1515466868877411, 0.04081621766090393, -0.35296475887298584, 0.46024805307388306, 0.12679646909236908, 0.48877495527267456, 0.2917969524860382, -0.1246505007147789, -0.16277557611465454, 1.3003029823303223, -1.9343386888504028, 0.535778284072876, 0.0936424657702446, -0.2990976572036743], [0.16008056700229645, 0.038672562688589096, 0.0035155434161424637, 0.03649419918656349, -0.037674371153116226, 0.0035167974419891834, -0.0077729783952236176, -0.00951758585870266, -0.012614206410944462, -0.03718552365899086, -1.0770736480480991e-05, -0.14514440298080444, 0.05296626314520836, -0.03259262815117836, -0.031044330447912216, -0.024914870038628578], [-0.006433472037315369, -0.2530798614025116, -0.0035356294829398394, 0.02003658376634121, -0.06104970723390579, -0.001197850564494729, -0.04797143489122391, -0.012296812608838081, -0.04939557984471321, 0.0334772989153862, 0.03645174950361252, -0.048640329390764236, -0.008153577335178852, 0.05381372943520546, -0.05472595617175102, -0.00962667353451252], [0.6169887185096741, -0.28562819957733154, 0.004732046276330948, -0.12001320719718933, 0.00014700657629873604, -0.01353368815034628, 0.08393141627311707, 0.11335904896259308, -0.04301437735557556, 0.005907584447413683, 0.08347038924694061, 0.37194234132766724, 1.621961236000061, 0.28312811255455017, 0.03655131906270981, -0.07382205128669739], [0.12863165140151978, 0.28879281878471375, -0.27775999903678894, 0.3574106991291046, 0.3184199929237366, 0.5030857920646667, 0.05450771376490593, 