{"triplane_resolution": 2048, "triplane_voxel_size": 0.001953125, "sparse_grid_resolution": 512, "sparse_grid_voxel_size": 0.0078125, "range_features": [-7.0, 7.0], "range_density": [-14.0, 14.0], "data_block_size": 16, "atlas_width": 697, "atlas_height": 357, "atlas_depth": 17, "num_slices": 17, "slice_depth": 1, "0_weights": [[1.0639182329177856, 0.07142792642116547, 2.0279483795166016, 6.108067989349365, 2.7076244354248047, 4.043463230133057, 1.3198106288909912, 1.8808928728103638, -0.10714056342840195, -6.457915782928467, 2.941920280456543, -2.0044877529144287, 0.42159977555274963, -0.43337759375572205, -0.263835608959198, -2.2513933181762695], [3.083557605743408, -0.0012896220432594419, 2.977299451828003, -3.9109508991241455, 3.1020240783691406, 1.5825446844100952, -1.5040149688720703, 2.2445757389068604, 2.5112075805664062, -3.9331467151641846, -1.2700979709625244, -2.758091449737549, 2.985822916030884, 1.5314724445343018, 2.6836819648742676, 1.2277837991714478], [-0.9593251347541809, 0.10388914495706558, 0.8442743420600891, -0.18885301053524017, -2.8290188312530518, -4.629996299743652, -0.10148276388645172, 0.5423330068588257, 2.784010887145996, -4.305466651916504, -3.400442123413086, -3.706022262573242, 4.018503189086914, 4.557448387145996, 5.528357028961182, 3.0728774070739746], [0.050632044672966, -0.04196293652057648, 0.7454357743263245, 0.17326615750789642, 1.2139966487884521, 0.20015069842338562, 2.7721855640411377, 0.8763332366943359, -0.44426751136779785, 1.4487018585205078, -0.07112503051757812, 2.2392640113830566, -2.4284064769744873, 0.10976389795541763, 0.36656665802001953, -4.182861804962158], [-0.7606796026229858, -0.09120523929595947, -0.7614123225212097, -0.3124207854270935, 1.1026240587234497, 0.0494721457362175, -1.4735469818115234, -0.7627599835395813, 0.061461277306079865, -0.5803999304771423, -0.15334342420101166, -26.36080551147461, -0.26717761158943176, -1.096571922302246, -0.8248681426048279, -2.6370015144348145], [-7.8695573806762695, -0.05083033815026283, 0.14705108106136322, -0.18692295253276825, -1.6049116849899292, -0.3628568947315216, 1.4324342012405396, 0.47621971368789673, 3.5405898094177246, 1.794183611869812, -0.5885334014892578, -0.5391279458999634, 1.2835551500320435, 0.3021036386489868, 0.28266841173171997, 0.849779486656189], [-4.64043664932251, 0.017160292714834213, -0.6665147542953491, 3.1561527252197266, 7.248227596282959, 5.580024242401123, -6.881776332855225, -1.8110499382019043, -6.663075923919678, 3.079296588897705, 3.99285888671875, -12.145103454589844, 4.7070698738098145, -0.10629546642303467, -3.5001370906829834, -3.8250725269317627], [-0.3023434579372406, -0.0221576951444149, 0.06330234557390213, 0.040660083293914795, -0.14903578162193298, -0.09724412858486176, 0.20280756056308746, 0.18262600898742676, -0.05338183045387268, 0.1490355134010315, -0.6636301279067993, 0.13002188503742218, -0.14326030015945435, -0.17199395596981049, 0.03774125128984451, 0.029402296990156174], [0.3739342987537384, 0.060719460248947144, -0.09372270107269287, -0.00730159180238843, 0.002368447370827198, -0.052586812525987625, -0.09095627814531326, 0.407228946685791, -0.283743292093277, 0.05565278232097626, 0.4736118018627167, 0.14945904910564423, 0.09241084009408951, 0.03219066932797432, -0.013122471049427986, -0.2672686278820038], [-0.1429874747991562, 0.18887683749198914, -0.24566757678985596, -0.17494675517082214, 0.5510877370834351, -0.05372891575098038, 0.05999280884861946, -0.2162618637084961, 0.40694648027420044, 0.06154029071331024, -0.13450317084789276, 0.07697707414627075, 0.162071093916893, -0.1914096623659134, -0.029871555045247078, -0.14269016683101654], [-0.16489861905574799, 0.10931913554668427, 0.16692067682743073, -0.02261437103152275, -0.40763384103775024, 0.14287599921226501, 0.1717226356267929, 0.10445579886436462, 0.12223866581916809, 0.27616414427757263, -0.742936909198761, -0.011430102400481701, -0.24454808235168457, -0.11136043071746826, -0.07060977816581726, -0.0929148942232132], [0.18819990754127502, -0.21815986931324005, -0.11701650172472, -0.11211248487234116, -0.05210491642355919, 0.05812310427427292, 0.014124265871942043, 0.4397485554218292, 0.01935291849076748, -0.12195505201816559, 0.50693678855896, -0.06520180404186249, 0.17417189478874207, -0.11099309474229813, -0.08239571750164032, -0.5057511925697327], [-0.10664505511522293, 0.033965814858675, 0.015578106045722961, 0.12516018748283386, 0.38055816292762756, 0.18854036927223206, -0.09345603734254837, -0.15448549389839172, 0.30741021037101746, -0.08681795001029968, -0.09765923023223877, 0.04389289394021034, 0.2845004200935364, -0.1359347254037857, -0.07636459171772003, 0.03236520662903786], [-0.23347309231758118, -0.1613483726978302, 0.18970172107219696, -0.06905577331781387, -0.16077345609664917, 0.13496986031532288, 0.14188909530639648, 0.2475200742483139, -0.04658384621143341, 0.06982354819774628, -0.49467387795448303, -0.07900124043226242, -0.12987248599529266, 0.030912499874830246, 0.16659016907215118, 0.22122260928153992], [-0.004842995200306177, 0.07634156197309494, -0.3355172574520111, 0.1234264224767685, -0.18246793746948242, -0.24702423810958862, 0.04393310099840164, 0.10331527143716812, 0.14225631952285767, -0.08316672593355179, 0.46931925415992737, 0.014385191723704338, -0.10635809600353241, 0.05923233553767204, -0.07674185186624527, -0.3162249028682709], [0.054236702620983124, -0.07342098653316498, -0.22412413358688354, -0.16137641668319702, 0.3869333863258362, 0.023559026420116425, 0.16854548454284668, 0.0770135298371315, 0.38907599449157715, -0.13665904104709625, 0.05847594887018204, 0.2599102258682251, 0.27746859192848206, -0.2299874871969223, 0.037379324436187744, -0.0034254975616931915], [0.20863260328769684, -0.04176493361592293, -0.06745595484972, -0.022578449919819832, 0.038538672029972076, -0.0363873615860939, -0.0074013350531458855, -0.13697104156017303, -0.009111973457038403, 0.03436685726046562, 0.04203199967741966, 0.005548922345042229, 0.057552553713321686, 0.10932309925556183, -0.07036067545413971, -0.11511483043432236], [-0.11298579722642899, -0.037715476006269455, 0.14129208028316498, 0.02524636499583721, 0.08998622000217438, 0.07298531383275986, -0.15217043459415436, 0.052725762128829956, -0.052625253796577454, -0.12394211441278458, 0.2290506809949875, -0.015902580693364143, 0.04085139185190201, -0.10717431455850601, 0.05629952624440193, -0.16850663721561432], [0.04401851445436478, 0.15081197023391724, 0.2593475580215454, 0.22906386852264404, 0.043326981365680695, 0.10160841047763824, -0.007595833856612444, 0.5344350337982178, 0.15325036644935608, -0.39158186316490173, 0.4083428978919983, -0.05553286522626877, -0.012411338277161121, -0.42119109630584717, -0.07936600595712662, -0.1994055211544037], [-0.004499024711549282, -0.033059511333703995, -0.004108624067157507, 0.0023996594827622175, -0.012652565725147724, 0.002800937043502927, -0.006098909769207239, -0.02311009354889393, -0.028490956872701645, -0.0228087417781353, 0.030018214136362076, 0.0031899912282824516, -0.013712015934288502, -0.0070897615514695644, 0.010117143392562866, 0.20368240773677826], [-0.006871565245091915, 0.1374133974313736, -0.027406170964241028, 0.005976321641355753, -0.016025172546505928, -0.001751142437569797, 0.031622398644685745, 0.036351997405290604, 0.020008407533168793, 0.028969179838895798, -0.002361759077757597, 0.012136857025325298, 0.0006488850340247154, 0.01767604798078537, -0.0010132165625691414, -0.03634844347834587], [0.29073625802993774, 0.014135000295937061, -0.04062401130795479, -0.02394796721637249, 0.7429038882255554, 0.16438238322734833, 0.07897863537073135, -0.2748769521713257, 0.16643120348453522, -0.12275739014148712, 0.20249265432357788, 0.02576335333287716, 0.034463442862033844, -0.1066872850060463, 0.002646305365487933, -0.3211202323436737], [0.08258981257677078, -0.10570653527975082, 0.2527655363082886, -0.03844427317380905, -0.49867990612983704, -0.0956391841173172, -0.08374254405498505, 