{"triplane_resolution": 4096, "triplane_voxel_size": 0.0009765625, "sparse_grid_resolution": 512, "sparse_grid_voxel_size": 0.0078125, "range_features": [-7.0, 7.0], "range_density": [-14.0, 14.0], "data_block_size": 8, "atlas_width": 1647, "atlas_height": 297, "atlas_depth": 9, "num_slices": 9, "slice_depth": 1, "0_weights": [[-19.688692092895508, 0.05224695801734924, 0.5862184166908264, -1.4717751741409302, 1.0255337953567505, 1.1235078573226929, 3.471127986907959, 2.6011784076690674, -3.247283458709717, 3.804964542388916, 0.48166918754577637, -0.771538257598877, -0.8110116720199585, -0.49416598677635193, -3.5249624252319336, -0.7353644371032715], [-8.425166130065918, -0.006447213236242533, 1.7382270097732544, -0.5373918414115906, 2.7554681301116943, 1.2147283554077148, 2.4251298904418945, 0.6024224758148193, 1.3454720973968506, 2.272664785385132, -0.4044332206249237, 0.4451018273830414, 2.1617493629455566, -0.02858004719018936, 0.8675557374954224, 1.5970985889434814], [-1.9532290697097778, 0.09126953780651093, -2.801541566848755, -0.014660852029919624, 2.1935014724731445, -2.5182876586914062, 1.1336872577667236, -5.16128396987915, 4.2652130126953125, -3.9538626670837402, 0.8461547493934631, 4.087489128112793, 2.6603894233703613, -2.193657875061035, 4.559047222137451, 2.055539608001709], [-0.16035246849060059, -0.05115500092506409, -0.4935327172279358, -0.6868342757225037, -0.8565706014633179, 0.23210479319095612, 0.24974311888217926, -0.2931126058101654, 0.2699856162071228, 0.20888327062129974, 0.3421017527580261, 0.7479820251464844, -0.5568115711212158, 0.2753923237323761, -0.1911819875240326, -0.947481632232666], [-0.12308181822299957, -0.10089165717363358, 0.6017257571220398, 0.18918071687221527, -1.4709049463272095, 0.11019022762775421, 0.06245265528559685, 0.5388025641441345, 0.2878236174583435, 0.7202782034873962, -10.31634521484375, -0.3130549490451813, 0.5450908541679382, 1.1807962656021118, 0.9720974564552307, -0.5080916881561279], [-0.29388749599456787, -0.1205243468284607, -0.4323129653930664, -0.5627080798149109, -1.6526663303375244, -0.5659573674201965, -0.6181502938270569, -0.15752846002578735, -0.25061342120170593, -0.27051711082458496, 0.339991956949234, -0.1491151750087738, -0.8467797636985779, 0.02677512727677822, -0.22109130024909973, -0.47255223989486694], [-0.25782158970832825, 0.007767113391309977, -0.1328631043434143, 0.06584369391202927, -1.5436865091323853, 0.01849411241710186, -0.13706356287002563, -0.19423545897006989, -0.12893277406692505, 0.16626885533332825, 0.1264847218990326, 0.4030696749687195, -0.642979621887207, 0.14796525239944458, -0.40486013889312744, -0.7544888257980347], [-0.0838119313120842, -0.058055583387613297, -0.32005205750465393, 0.16310201585292816, 0.40081194043159485, -0.456202894449234, -0.017599083483219147, 0.10889941453933716, 0.10484520345926285, 0.091560959815979, -0.14723990857601166, -0.484171599149704, 0.18708018958568573, -0.014581494964659214, -0.02388092875480652, -0.4503624439239502], [0.20847851037979126, 0.06890092045068741, 0.31723910570144653, -0.028075143694877625, 0.004034728277474642, -0.3058301508426666, -0.2799953818321228, 0.0765683725476265, -0.40518441796302795, 0.2916194498538971, 0.2062065750360489, 0.25987508893013, 0.34532883763313293, 0.07786080986261368, -0.019505739212036133, -0.16846239566802979], [-0.17982715368270874, 0.18134446442127228, -0.12950295209884644, -0.3700850009918213, -0.21531613171100616, -0.21019525825977325, 0.0189692173153162, -0.2544056177139282, 0.11550796031951904, 0.061102285981178284, 0.004312570672482252, 0.08743727207183838, -0.19347840547561646, -0.27995479106903076, 0.027706226333975792, -0.17148980498313904], [0.06065981090068817, 0.0723341703414917, -0.19896703958511353, 0.08654468506574631, 0.06080110743641853, -0.1895439326763153, 0.005725498776882887, 0.03651139512658119, 0.21079663932323456, 0.22060610353946686, -0.26519718766212463, -0.5896715521812439, 0.08299586921930313, 0.12056322395801544, -0.11029692739248276, -0.6029279232025146], [0.02812846377491951, -0.2073742002248764, 0.28013157844543457, -0.11194958537817001, -0.055700212717056274, -0.16395269334316254, -0.18102151155471802, 0.12316621094942093, -0.04368601739406586, 0.030107812955975533, 0.22489787638187408, 0.10145454108715057, 0.4614025056362152, -0.09823337197303772, -0.054871682077646255, -0.35430988669395447], [-0.14699186384677887, 0.025073055177927017, 0.11605789512395859, -0.07504798471927643, -0.3590283989906311, 0.041945215314626694, -0.12494092434644699, -0.19195334613323212, 0.0011426800629124045, -0.08196690678596497, 0.023500367999076843, 0.05805327370762825, -0.06105136498808861, -0.19749747216701508, -0.010843508876860142, 0.018964922055602074], [-0.006074128672480583, -0.20160523056983948, -0.11645311862230301, 0.008901550434529781, 0.0793362632393837, -0.11623204499483109, 0.11424300074577332, 0.19627632200717926, -0.1389480084180832, 0.013716630637645721, -0.123343825340271, -0.5340790748596191, 0.18809613585472107, 0.43735241889953613, 0.18111592531204224, -0.32463228702545166], [-0.13993407785892487, 0.09499646723270416, -0.037848103791475296, 0.17081797122955322, -0.19517838954925537, -0.40066826343536377, -0.15499651432037354, -0.1733907163143158, 0.2218678593635559, -0.1472872793674469, 0.158949613571167, 0.324226051568985, 0.2476048767566681, -0.0037351108621805906, 0.03196601942181587, -0.0722532570362091], [0.00256758788600564, -0.08696300536394119, -0.17955751717090607, -0.3716834783554077, -0.2629530727863312, -0.09063541144132614, 0.16704796254634857, 0.041456837207078934, 0.04218444973230362, -0.1084488034248352, 0.12320327013731003, 0.2930753529071808, -0.03823143243789673, -0.21027441322803497, 0.1218438595533371, 0.039211858063936234], [0.024689635261893272, -0.08066797256469727, 0.016001684591174126, 0.14475148916244507, -0.0015229749260470271, 0.112614206969738, -0.08351632207632065, -0.13319988548755646, 0.029312772676348686, -0.05295296013355255, 0.04601361230015755, 0.25898948311805725, 0.1672670841217041, 0.06090857461094856, -0.03724703565239906, -0.0008575235260650516], [0.059375740587711334, 0.03579362481832504, -1.211267352104187, -0.06039167940616608, -0.014526805840432644, -0.24702347815036774, 0.02373514324426651, 0.03010481409728527, -0.05900564789772034, 0.1102982610464096, 0.03383617103099823, 0.2900960147380829, -0.14584825932979584, 0.026274509727954865, -0.011726015247404575, -0.008131205104291439], [0.02382497303187847, 0.0929412990808487, -0.04325356334447861, 0.6771780252456665, 0.22752825915813446, 0.3928564190864563, 0.12192754447460175, 0.4266338348388672, -0.06762555986642838, 0.08806601166725159, 0.17362700402736664, 0.44513237476348877, -0.03501665219664574, 0.16690762341022491, -0.06671327352523804, 0.2793859839439392], [0.005189571529626846, -0.011178133077919483, 0.016932515427470207, 0.006645494606345892, 0.007551729679107666, -0.05754482001066208, 0.04084565117955208, 0.011607246473431587, -0.002867641393095255, 0.0034548609983175993, 0.019919749349355698, 0.047337692230939865, -0.06683742254972458, -0.02482287585735321, -0.008885306306183338, -0.0898899957537651], [-0.013839993625879288, -0.020207995548844337, 0.12967486679553986, -0.005861774552613497, 0.020084694027900696, 0.07583214342594147, -0.015963925048708916, 0.012636382132768631, 0.007375371176749468, -0.003399205394089222, -0.0352337472140789, -0.1035151556134224, 0.012229795567691326, -0.0021671527065336704, 0.009323201142251492, 0.07593051344156265], [-0.03358850255608559, 0.05330783501267433, -0.26204249262809753, -0.16457274556159973, 0.00048577357665635645, 0.8289073705673218, -0.15042462944984436, 0.28098517656326294, 0.019826699048280716, 0.1298816204071045, 0.4314916133880615, 0.26522669196128845, -0.00396506255492568, 0.11128484457731247, 0.04088369384407997, 0.03898455947637558], [0.13984127342700958, -0.10374890267848969, 0.05412917584180832, 0.1899101287126541, 0.39430639147758484, 0.007034023758023977, 0.030854173004627228, 