{"triplane_resolution": 2048, "triplane_voxel_size": 0.001953125, "sparse_grid_resolution": 512, "sparse_grid_voxel_size": 0.0078125, "range_features": [-7.0, 7.0], "range_density": [-14.0, 14.0], "data_block_size": 16, "atlas_width": 1139, "atlas_height": 306, "atlas_depth": 17, "num_slices": 17, "slice_depth": 1, "0_weights": [[-0.12378066778182983, 1.709409475326538, 0.038569167256355286, 1.4332445859909058, 0.6482990384101868, -0.5624090433120728, -0.07801282405853271, 2.359440565109253, 3.5114033222198486, 3.5038557052612305, -0.19263248145580292, -1.0057904720306396, 1.5173912048339844, -1.0557136535644531, 0.17728470265865326, 0.21539828181266785], [-0.007618579547852278, -7.19455623626709, 2.459641695022583, 1.3043285608291626, -0.4091407060623169, 1.2780687808990479, -0.011534344404935837, 1.678350806236267, 0.7325978875160217, -2.1078503131866455, -0.06404528766870499, 3.6040611267089844, 0.34103184938430786, 1.8627742528915405, -0.8836970329284668, 0.056520458310842514], [-0.09869633615016937, 3.2048449516296387, 2.8396968841552734, 1.9839781522750854, 1.524420142173767, 3.2392165660858154, -0.10539331287145615, -2.1299924850463867, -1.9713411331176758, -3.25156831741333, -0.1688176989555359, 0.007418677676469088, -5.760568141937256, 3.610118865966797, -0.52447509765625, 0.40784454345703125], [0.05788884684443474, -9.766127586364746, 0.6555241942405701, -7.457229137420654, -5.380782604217529, -13.587328910827637, -0.5349475741386414, -5.448093414306641, -3.998154401779175, 4.460152626037598, -0.000612426083534956, -0.6591841578483582, -4.6256914138793945, 4.833418846130371, 9.122714042663574, -6.5568060874938965], [-0.0676594227552414, -0.628140926361084, -1.2407804727554321, 1.6178022623062134, -0.5325730443000793, -1.0244667530059814, -9.720070838928223, -0.8749248385429382, -1.3139574527740479, -0.821056067943573, -0.27371639013290405, 1.6100091934204102, 0.14387527108192444, 0.29530149698257446, -0.39111843705177307, 3.0824737548828125], [-0.1476089060306549, -0.039925459772348404, 0.39248383045196533, -0.37795230746269226, 0.49244213104248047, 0.6037987470626831, -9.371315002441406, -0.02810867503285408, 0.3221348226070404, 0.03845539689064026, -0.3075556755065918, -0.7168616056442261, 0.769585907459259, -0.25173625349998474, -0.47947579622268677, -0.7437188029289246], [-0.20264536142349243, -0.21386127173900604, 0.307211309671402, -0.3875693082809448, 0.13358162343502045, 0.21034085750579834, -8.744434356689453, -0.41318926215171814, 0.35327717661857605, -0.39849725365638733, -0.29725125432014465, -0.8821564316749573, 0.36297136545181274, 0.016205040737986565, -0.37720003724098206, -0.6078336238861084], [0.011554700322449207, 0.3121713101863861, -0.12809370458126068, 0.08566033840179443, 0.055655382573604584, 0.07992177456617355, 0.2988322973251343, 0.04113760590553284, -0.057951655238866806, -0.031655821949243546, 0.08572746813297272, -0.03235964849591255, -0.9590376615524292, 0.14438706636428833, -0.2087724655866623, 0.11704029887914658], [0.01518212165683508, 0.3233552873134613, 0.014327715151011944, 0.32902657985687256, -0.30624017119407654, -0.05435483902692795, 0.009221839718520641, -0.1726013571023941, -0.05981655418872833, 0.5731623768806458, 0.025829117745161057, 0.2528845965862274, -0.04112332686781883, 0.0949568822979927, -0.6621699929237366, -0.22299794852733612], [0.07117024809122086, 0.0238405279815197, -0.09783117473125458, 0.5305195450782776, -0.4261636435985565, -0.020203476771712303, -0.28193262219429016, -0.06680303066968918, 0.3010454475879669, -0.05601400509476662, 0.0838598981499672, 0.2780541181564331, 0.7991735339164734, 0.17590776085853577, 0.042246971279382706, 0.28271085023880005], [-0.0759149044752121, 0.17251616716384888, -0.16097453236579895, 0.16994976997375488, 0.11684460192918777, 0.2649926245212555, 0.35046902298927307, 0.2755239009857178, 0.011220703832805157, -0.0297944825142622, 0.084574855864048, 0.19659006595611572, -1.0759066343307495, -0.009589032270014286, 0.0034648445434868336, 0.08712412416934967], [0.09606202691793442, 0.3397952616214752, -0.09488926082849503, 0.2848367393016815, -0.3236423432826996, -0.04448675736784935, 0.11203048378229141, 0.07113124430179596, 0.06205740198493004, 0.3590412139892578, -0.006753493566066027, 0.006673777010291815, -0.029328830540180206, -0.06370767951011658, -0.6375346183776855, -0.16557589173316956], [0.19518202543258667, -0.18237505853176117, -0.021922213956713676, 0.5760758519172668, -0.5265816450119019, -0.16721747815608978, -0.3805946111679077, -0.3020857572555542, -0.05059974640607834, -0.3215945363044739, 0.2537493407726288, 0.11532909423112869, 0.9720909595489502, 0.2388126701116562, -0.11333312094211578, 0.20985111594200134], [0.08329630643129349, 0.16428504884243011, 0.05666949599981308, -0.07630683481693268, 0.06612200289964676, 0.07112322002649307, 0.31637120246887207, 0.13047094643115997, 0.003989923279732466, 0.36674436926841736, 0.05496297776699066, -0.05022623762488365, -0.7850736975669861, 0.013687393628060818, -0.13213348388671875, -0.18654944002628326], [0.034577857702970505, -0.02220422588288784, -0.09752975404262543, 0.3225829005241394, -0.2625076472759247, -0.04908454790711403, 0.09852511435747147, -0.1598283350467682, 0.031541213393211365, 0.12627124786376953, 0.06772445142269135, -0.052347101271152496, -0.11592987924814224, -0.05206715315580368, -0.4646048843860626, 0.2438923567533493], [-0.05952025204896927, -0.17248526215553284, 0.10690631717443466, 0.6330544948577881, -0.46377283334732056, -0.13241413235664368, -0.21507656574249268, -0.2687408924102783, 0.0129496268928051, -0.12302213907241821, 0.3123077154159546, 0.1462993621826172, 0.8774965405464172, 0.4072226285934448, -0.06871586292982101, 0.16924749314785004], [0.07723614573478699, -0.4380834996700287, -0.1251409351825714, -0.054677076637744904, 0.31898319721221924, 0.013848783448338509, 0.09232672303915024, 0.09557701647281647, -0.0034558656625449657, -0.08189930021762848, 0.18228310346603394, -0.09306184947490692, 0.11099755764007568, 0.18503454327583313, 0.22525227069854736, 0.040931738913059235], [-0.14991459250450134, 0.06732359528541565, 0.4257400631904602, 0.009117932058870792, -0.49479565024375916, -0.10737737268209457, -0.07719163596630096, -0.013469493947923183, -0.02872566133737564, 0.07445604354143143, -0.026013420894742012, -0.1717563420534134, -0.3968614339828491, -0.018978308886289597, 0.22356121242046356, 0.07379664480686188], [0.17512932419776917, -0.0892043262720108, -0.13314272463321686, 1.6712318658828735, 0.6126172542572021, 0.46292608976364136, 0.2301086187362671, -0.10985117405653, -0.13383375108242035, -0.08175516873598099, -0.0684758722782135, -0.506039559841156, 0.2389822155237198, 0.8550660014152527, -0.9826006889343262, 0.23051199316978455], [0.04375201091170311, 0.05161608010530472, -0.010522439144551754, 0.04278237372636795, -0.017291700467467308, -0.03445793315768242, -0.01768602430820465, -0.07740059494972229, -0.0035806193482130766, 0.012603930197656155, -0.34105172753334045, 0.013223612681031227, -0.02877672016620636, 0.05194174125790596, -0.11303671449422836, 0.003937410656362772], [-0.05866672098636627, -0.08548134565353394, -0.10710318386554718, -0.1339680254459381, 0.18571829795837402, 0.08554308861494064, 0.03165317326784134, 0.05023515224456787, 0.004099316895008087, 0.055447131395339966, 0.11547849327325821, 0.03884515166282654, -0.00693688215687871, -0.031384263187646866, 0.09547210484743118, -0.034164104610681534], [-0.03706898167729378, 0.37301456928253174, 0.38126784563064575, 0.47206276655197144, -0.23955005407333374, 0.5821921825408936, -0.17116503417491913, 0.3227927088737488, -0.13133488595485687, 0.19080255925655365, 0.057525720447301865, 0.011375916190445423, -2.5177559852600098, -0.1787300705909729, 0.237984299659729, 0.03339264914393425], [-0.05364783853292465, 0.012642811052501202, -0.00821225717663765, -0.31295379996299744, 0.3461180627346039, -0.20800580084323883, 0.16581714153289795, 0.05947320535778999, 