{"triplane_resolution": 4096, "triplane_voxel_size": 0.0009765625, "sparse_grid_resolution": 512, "sparse_grid_voxel_size": 0.0078125, "range_features": [-7.0, 7.0], "range_density": [-14.0, 14.0], "data_block_size": 16, "atlas_width": 1173, "atlas_height": 374, "atlas_depth": 17, "num_slices": 17, "slice_depth": 1, "0_weights": [[1.846240758895874, -0.6217377185821533, -2.993440628051758, -3.111687421798706, 1.7758209705352783, 3.894465208053589, -0.10065516084432602, -0.0053029716946184635, -0.847196102142334, 0.9598360657691956, -0.1878097653388977, -0.05456630513072014, 0.7395206093788147, -0.8634531497955322, 2.1316699981689453, -0.33215150237083435], [0.9233081340789795, 1.4065479040145874, 0.635273814201355, 0.015065819025039673, 1.6208256483078003, -2.8752362728118896, -0.20197659730911255, -0.6146212816238403, 4.537293910980225, -2.2957069873809814, -0.0686948299407959, 5.305211067199707, 0.39627605676651, 4.181906700134277, -0.9421839714050293, 2.8488481044769287], [1.6461713314056396, -3.773576259613037, 5.6094889640808105, 3.7396695613861084, 2.030158042907715, 1.7799283266067505, -0.155402272939682, 4.072157382965088, -1.9996939897537231, 2.2910783290863037, -0.1548834890127182, -9.365937232971191, -1.0184178352355957, -2.437432050704956, -4.334692001342773, -4.547054767608643], [0.15419550240039825, -0.6706119775772095, -0.19021762907505035, 0.22482210397720337, 0.37702488899230957, 0.14885537326335907, -0.3201049268245697, 0.02890888601541519, 0.5304426550865173, -0.20688274502754211, -0.01488089095801115, -0.22157303988933563, -5.850760459899902, 0.1586967557668686, -0.33269643783569336, -0.1337701380252838], [-0.14831040799617767, -0.5837290287017822, -0.31510984897613525, 0.0873372033238411, 0.2303065061569214, 0.1836393177509308, -0.3542768061161041, -0.032433222979307175, 0.2326333224773407, -0.2646850347518921, -0.14240972697734833, -0.2904616892337799, -6.192215919494629, 0.3575614094734192, -0.4699564278125763, 0.07873941957950592], [-0.06907349824905396, -0.6074643731117249, -0.29388192296028137, 0.17203760147094727, 0.06715593487024307, 0.3039453327655792, -0.40243399143218994, 0.12554021179676056, 0.29988667368888855, -0.15267446637153625, -0.21848097443580627, -0.27152231335639954, -5.8725361824035645, 0.0868021622300148, -0.33802661299705505, -0.1839873343706131], [-0.3243183195590973, -0.8224405646324158, -0.42607778310775757, 0.15120992064476013, -0.30919042229652405, -0.5466796159744263, -0.4426104724407196, -0.707373857498169, 0.20573736727237701, -0.6907662749290466, -0.20517486333847046, -0.4020695090293884, -6.064023017883301, 0.3710496127605438, -0.24332578480243683, -0.050668831914663315], [-0.07048758119344711, -0.14356456696987152, -0.02808372676372528, 0.032405346632003784, 0.006820993963629007, -0.08843281865119934, -0.050499074161052704, 0.03186514601111412, -0.6844061017036438, 0.1746799796819687, -0.02232622355222702, -0.019257089123129845, 0.12371478974819183, -0.2850523889064789, 0.008115099743008614, 0.32208433747291565], [0.1287526786327362, 0.32943257689476013, -0.07527682930231094, 0.07146039605140686, -0.8336174488067627, -0.0743107795715332, -0.1156960129737854, -0.2784281075000763, -0.5253187417984009, 0.13730771839618683, -0.03450819477438927, 0.16933202743530273, 0.043307822197675705, -0.44674691557884216, 0.10236598551273346, -0.44045892357826233], [0.04831017553806305, -0.21309985220432281, 0.021584918722510338, 0.2799665331840515, 0.23941561579704285, 0.0448782704770565, 0.08151229470968246, -0.2419775426387787, 1.0221611261367798, -0.15311427414417267, -0.06005087494850159, 0.0014479883247986436, -0.12564615905284882, 0.7051815986633301, 0.06825641542673111, -0.039578892290592194], [-0.12787841260433197, -0.2932921350002289, -0.2619095742702484, 0.12258387356996536, 0.03674335405230522, 0.14571212232112885, 0.005836417432874441, 0.26461881399154663, -0.49504345655441284, 0.008839301764965057, -0.023738525807857513, 0.20388855040073395, -0.09147772938013077, -0.45782095193862915, 0.2387486696243286, 0.3471697270870209], [0.3130728304386139, 0.39616039395332336, -0.23213699460029602, -0.008184801787137985, -0.6633256673812866, -0.03500858694314957, -0.00019818685541395098, 0.0878419280052185, -0.3292407691478729, -0.020062677562236786, -0.06923525035381317, -0.0212794691324234, 0.0647987648844719, -0.371218204498291, 0.004309310112148523, -0.5195498466491699], [0.1593378186225891, -0.4148680865764618, 0.07904485613107681, 0.24070967733860016, 0.07064060121774673, -0.12262565642595291, -0.02530650980770588, -0.4593794047832489, 0.5856269598007202, -0.43269044160842896, 0.10852459073066711, -0.1225740909576416, 0.09255553781986237, 0.7085983753204346, -0.07106710225343704, -0.1350395232439041], [0.11224624514579773, -0.3040526509284973, -0.5589251518249512, -0.1006169468164444, -0.10328067094087601, 0.07826413959264755, -0.009946069680154324, 0.11358030885457993, -0.1869269609451294, -0.06011776998639107, -0.05207182466983795, -0.056537386029958725, -0.08936314284801483, -0.49984896183013916, 0.1335284262895584, 0.19733896851539612], [0.5178422927856445, 0.1552959382534027, -0.3684316873550415, -0.06650722026824951, -0.07968267053365707, 0.044535961002111435, 0.025768999010324478, 0.187895730137825, -0.14104525744915009, -0.08193717151880264, -0.00025311269564554095, 0.08360409736633301, 0.007074194028973579, 0.36311206221580505, -0.17691732943058014, -0.4616800844669342], [-0.1261495053768158, -0.39305049180984497, 0.1756020188331604, 0.03557480871677399, -0.07554847002029419, -0.14140349626541138, 0.10060714185237885, -0.36512964963912964, 0.3909507989883423, -0.2844160497188568, 0.16374212503433228, 0.031592752784490585, 0.13002432882785797, 0.6851058602333069, 0.027685437351465225, -0.23677882552146912], [-0.06610313802957535, 0.4979977309703827, 0.16594739258289337, 0.02498735673725605, 0.08333675563335419, -0.005964298732578754, -0.03582041338086128, -0.03988534212112427, -0.015848955139517784, 0.0385688878595829, 0.0939721167087555, -0.02158757671713829, 0.0720868781208992, 0.10616249591112137, -0.07407387346029282, -0.1705639362335205], [-0.05524804815649986, 0.04391159117221832, 0.078956238925457, 0.02705797553062439, -0.019895698875188828, 0.03443322703242302, -0.05015360563993454, 0.04743209481239319, 0.0491730198264122, 0.07837987691164017, -0.05090963840484619, -0.04022716358304024, 0.07030826061964035, -0.15661586821079254, 0.09308946877717972, -0.2602123022079468], [0.1999419629573822, -0.5212339162826538, 0.32360973954200745, -0.09072484821081161, -0.1309310644865036, 0.3341250717639923, 0.0476405955851078, 0.3269444704055786, -0.840390145778656, -0.4916919767856598, 0.05446818470954895, -0.035448867827653885, 0.0005552086513489485, 0.9812559485435486, -0.25487425923347473, -0.0650901272892952], [0.008154266513884068, 0.0661238357424736, -0.05099143460392952, 0.0016506174579262733, -0.008316013030707836, 0.009509952738881111, 0.10480903834104538, 0.017237095162272453, 0.007464516907930374, 0.015048285014927387, 0.016100678592920303, 0.013050544075667858, 0.016271065920591354, -0.05347840487957001, 0.02913612499833107, -0.020599350333213806], [-0.0168593917042017, 0.011901169084012508, -0.08532668650150299, -1.0720884347392712e-05, -0.0030338310170918703, 0.020259737968444824, -0.015219636261463165, 0.008063222281634808, -0.07121880352497101, -0.045883167535066605, -0.03951301798224449, 0.024705776944756508, -0.011190374381840229, -0.05242311209440231, -0.02278817631304264, 0.0811987891793251], [-0.04566303640604019, 0.0009697655332274735, -0.7434758543968201, -0.025412507355213165, -0.058557573705911636, -0.0492158979177475, -0.06523764878511429, 0.08190274238586426, -0.9525507092475891, 0.5508109927177429, -0.06222524493932724, -0.023563183844089508, -0.012843307107686996, -1.547481894493103, 0.03594820573925972, -0.8313645720481873], [0.1565721184015274, 0.2208137810230255, 0.4152507185935974, -0.011086414568126202, -0.22870135307312012, -0.13843949139118195, 