{"triplane_resolution": 4096, "triplane_voxel_size": 0.0009765625, "sparse_grid_resolution": 512, "sparse_grid_voxel_size": 0.0078125, "range_features": [-7.0, 7.0], "range_density": [-14.0, 14.0], "data_block_size": 8, "atlas_width": 1503, "atlas_height": 270, "atlas_depth": 9, "num_slices": 9, "slice_depth": 1, "0_weights": [[3.5347747802734375, 2.6459407806396484, -0.282522976398468, -2.798088788986206, 1.9538304805755615, -0.9476078748703003, 0.6676733493804932, 0.38945332169532776, 0.6993069052696228, -3.2128446102142334, 2.157055377960205, -2.0179951190948486, -0.10095618665218353, 1.5129239559173584, -1.313646674156189, 3.452000856399536], [-0.8818538784980774, 4.161774635314941, 1.5310451984405518, 2.1199951171875, 0.33457911014556885, 2.767094612121582, -1.7624115943908691, 1.5134745836257935, 3.651625633239746, -2.7294185161590576, 1.452703595161438, 3.645796537399292, 1.0481762886047363, 0.3006795644760132, 1.4705103635787964, -3.7649173736572266], [0.6914594769477844, 3.8814053535461426, 0.8385037183761597, 2.7902841567993164, -6.029915809631348, -1.8644071817398071, 1.8944884538650513, 1.1414738893508911, 2.805058240890503, -8.371749877929688, 0.39020198583602905, -0.7222967147827148, 1.104790210723877, 0.513046383857727, 3.2544972896575928, 0.8364143967628479], [0.883470356464386, 1.1042256355285645, -1.153396487236023, -1.1590080261230469, -0.6979393362998962, 0.09494074434041977, 0.6574192047119141, -0.9784894585609436, -0.18520648777484894, -0.9688379168510437, -0.3888179063796997, 0.9246916770935059, 1.9416718482971191, -1.3648051023483276, -0.07206927239894867, -0.1609712690114975], [-0.6046120524406433, -0.15264731645584106, 0.5146021246910095, -0.4944189488887787, 0.36113330721855164, -0.5635877251625061, -0.19089242815971375, -1.5057239532470703, -0.4041702151298523, 0.3818248510360718, -1.0060131549835205, 0.1922030746936798, 0.0045781489461660385, -0.054866060614585876, -1.5622029304504395, -0.48052409291267395], [-0.5908785462379456, -0.05763639509677887, 0.17677874863147736, -0.387619286775589, 0.16799543797969818, -0.5867836475372314, -0.09292008727788925, -1.4699565172195435, -0.12276885658502579, 0.44867122173309326, -0.9237467050552368, -0.027312641963362694, -0.10393853485584259, 0.18189512193202972, -1.7117995023727417, -0.45513424277305603], [-0.7568620443344116, -0.1779382824897766, 0.09372687339782715, -0.3077971637248993, 0.4166288375854492, -0.5610740780830383, -0.11366086453199387, -1.3903356790542603, -0.07924976944923401, 0.2337300181388855, -0.6285128593444824, 0.18875564634799957, -0.09794992953538895, 0.08724822849035263, -1.7836003303527832, -0.22108249366283417], [0.00023316490114666522, -0.1047821193933487, -0.3048795759677887, -0.046496354043483734, -0.1662304401397705, 0.2701314687728882, 0.022970549762248993, -0.16734901070594788, -0.2078918218612671, -0.24419879913330078, -0.1624356061220169, -0.16478224098682404, 0.20341238379478455, 0.09311194717884064, 0.06666397303342819, -0.10930150002241135], [0.02402191050350666, 0.09328144788742065, 0.11158636957406998, 0.054442793130874634, -1.1189391613006592, 0.10844174772500992, -0.06381303071975708, -0.3441857695579529, 0.05643360689282417, -0.26178985834121704, 0.4996742010116577, -0.08664175122976303, 0.1806589663028717, -0.10067951679229736, -0.16396267712116241, 0.044559214264154434], [-0.11106850206851959, 0.29717686772346497, -0.4371909201145172, -0.039586130529642105, 0.1174410805106163, -0.30933019518852234, -0.5373830795288086, -0.24340632557868958, 0.1126718744635582, -0.14142419397830963, -0.11870763450860977, -0.012390595860779285, -0.10733386129140854, -0.44321408867836, -0.1127384677529335, -0.06907971948385239], [0.04321789741516113, 0.014109103940427303, -0.09149526804685593, 0.15669697523117065, -0.044613033533096313, 0.24294917285442352, -0.10421792417764664, -0.15209294855594635, -0.0389007106423378, -0.19437696039676666, -0.036577749997377396, -0.016356464475393295, 0.13296951353549957, 0.07340321689844131, 0.12758274376392365, -0.024645594879984856], [-0.07535360753536224, -0.06364546716213226, 0.30282285809516907, -0.21633073687553406, -0.8806994557380676, 0.0011127208126708865, 0.20229393243789673, -0.12128295749425888, 0.03642820194363594, -0.2003067433834076, 0.6914961338043213, 0.00960012711584568, 0.061983052641153336, -0.01777920499444008, -0.05837666243314743, 0.023735305294394493], [0.10160677134990692, 0.23932874202728271, -0.5840962529182434, -0.1663612276315689, 0.18385909497737885, -0.09169850498437881, -0.4090353548526764, -0.3311556577682495, 0.13828085362911224, -0.2098022848367691, -0.027191318571567535, -0.2970471978187561, -0.16939617693424225, -0.2250836193561554, 0.12850092351436615, -0.07023705542087555], [-0.09888140857219696, -0.11017961800098419, -0.2171485871076584, 0.15324167907238007, -0.5175546407699585, 0.12563475966453552, -0.16268442571163177, -0.3382245600223541, -0.04588007926940918, -0.2739112079143524, 0.006222424563020468, -0.01739984005689621, 0.06615269929170609, 0.21766027808189392, 0.19579127430915833, -0.04241592064499855], [0.02587982825934887, 0.06888078898191452, 0.0663546547293663, 0.13115166127681732, -0.7407944798469543, -0.1516471803188324, -0.026009585708379745, -0.23963859677314758, 0.018938565626740456, -0.30416959524154663, 0.36514678597450256, -0.024503642693161964, -0.15321287512779236, -0.015119473449885845, 0.10935840010643005, 0.04707903414964676], [-0.1556949019432068, 0.026243088766932487, -0.5276584625244141, -0.1533096730709076, -0.20979289710521698, 0.040199097245931625, -0.48699986934661865, -0.28397583961486816, 0.32617583870887756, -0.21224918961524963, -0.1363101303577423, -0.16848666965961456, -0.02402338758111, -0.08902629464864731, -0.0483255535364151, -0.17498530447483063], [0.02710900455713272, 0.06039312854409218, 0.15119299292564392, -0.027053354308009148, 0.19517773389816284, 0.1888820379972458, 0.13732220232486725, 0.09535904228687286, 0.04733899235725403, -0.3735644519329071, 0.08751717954874039, 0.009546051733195782, -0.17929111421108246, 0.07306361943483353, 0.004998515360057354, 0.027598850429058075], [0.006731976754963398, -0.11069536954164505, -0.27885717153549194, -0.015833059325814247, 0.496702641248703, 0.03485949710011482, 0.08442703634500504, -0.2810678482055664, 0.027198847383260727, 0.8263870477676392, 0.1090729609131813, 0.1240655854344368, 0.09530287981033325, 0.11737768352031708, -0.03381490334868431, -0.0041631851345300674], [0.023986026644706726, 0.012225116603076458, 0.10982891917228699, 0.15762323141098022, -0.538332998752594, 0.08795985579490662, 0.23761221766471863, 0.47545844316482544, -0.08987786620855331, -0.443044513463974, -0.2838042974472046, 0.1533978283405304, 0.5468161106109619, 0.7115022540092468, -0.29196229577064514, 0.20447763800621033], [-0.013875412754714489, -0.012271464802324772, -0.005872132256627083, 0.0038649174384772778, -0.1585325300693512, -0.04329055920243263, -0.019572705030441284, 0.08160311728715897, -0.020355788990855217, 0.1383928656578064, -0.07145200669765472, 0.010680240578949451, 0.0399952195584774, -0.06347688287496567, -0.03674544766545296, -0.0036643282510340214], [0.005674550775438547, 0.029739439487457275, 0.08972784876823425, -0.00663836719468236, 0.028636252507567406, 0.018721984699368477, -0.04606059566140175, 0.02785516530275345, -0.007505296729505062, -0.23332515358924866, 0.055777657777071, -0.04904332384467125, 0.02489449642598629, -0.03671052306890488, 0.010262768715620041, 0.018112173303961754], [-0.024007396772503853, 0.05467165261507034, -0.25735533237457275, 0.0884278416633606, -0.07913731783628464, 0.19604888558387756, 0.27570149302482605, -0.328639954328537, 0.02968154102563858, -0.24927696585655212, -0.3028886914253235, 0.026809481903910637, -0.17535819113254547, -0.23110783100128174, 0.24041810631752014, -0.0904763713479042], [-0.023458126932382584, -0.08200836926698685, 0.5776009559631348, 0.11084017157554626, -0.4089599847793579, 0.28437143564224243, 0.4474142789840698, 