{"triplane_resolution": 2048, "triplane_voxel_size": 0.001953125, "sparse_grid_resolution": 512, "sparse_grid_voxel_size": 0.0078125, "range_features": [-7.0, 7.0], "range_density": [-14.0, 14.0], "data_block_size": 16, "atlas_width": 1819, "atlas_height": 170, "atlas_depth": 17, "num_slices": 17, "slice_depth": 1, "0_weights": [[2.9784188270568848, 2.0414748191833496, -0.17055808007717133, 0.8746278285980225, -2.5566370487213135, -0.5351923108100891, 0.05498179420828819, 3.6430726051330566, 0.10916689783334732, -2.9572482109069824, 0.8752835392951965, -2.2484259605407715, -0.0878022238612175, 0.07754776626825333, 4.069875717163086, 4.393678665161133], [0.7661141753196716, 2.9867663383483887, -0.3840096890926361, -2.855555295944214, 2.0809104442596436, 1.120965600013733, -0.993328869342804, -0.21048639714717865, 2.162902593612671, 2.8080804347991943, 2.688281536102295, 3.0187766551971436, -0.8036283254623413, 2.9162204265594482, -3.9634671211242676, -1.3509913682937622], [-1.3580834865570068, 0.2282865345478058, -1.8525110483169556, 2.8519670963287354, -0.30779963731765747, -0.10102860629558563, -0.1736866980791092, -4.342272758483887, 2.133906126022339, 4.481049060821533, 2.78009295463562, -0.018895849585533142, 0.09029889106750488, 5.59075403213501, -2.2203269004821777, -1.0561529397964478], [0.33520013093948364, 0.3988860845565796, -0.3929390013217926, -0.6949899792671204, -0.6525990962982178, -0.46659764647483826, 0.024272138252854347, -0.41066715121269226, 0.05067231506109238, -0.3774201571941376, -0.13082119822502136, -0.2493220716714859, 0.21198183298110962, -0.2994575798511505, 0.09467840194702148, -0.7334440350532532], [0.10177738964557648, 0.10639370232820511, -0.26993054151535034, -0.6548910140991211, -0.5520461201667786, -0.48198413848876953, 0.13365508615970612, -0.3099909722805023, -0.01824524626135826, -0.4839729368686676, -0.18871545791625977, -0.24233725666999817, 0.44915807247161865, -0.1858263611793518, 0.14541774988174438, -0.6654744744300842], [0.1656092256307602, 0.20012609660625458, -0.6255612969398499, -0.6270793676376343, -0.7418991923332214, -0.413686603307724, 0.2574051022529602, -0.3571934998035431, 0.07102146744728088, -0.49425947666168213, -0.16998320817947388, -0.5111871957778931, 0.33051756024360657, -0.022617772221565247, -0.008806701749563217, -0.7535306215286255], [-0.08322952687740326, 0.1687944233417511, -0.7997719645500183, -0.6952341198921204, -0.48373258113861084, -0.5135281682014465, 0.13481052219867706, -0.28030136227607727, 0.06094774231314659, -0.49645939469337463, 0.43477296829223633, -0.2747383415699005, 0.27050134539604187, -0.08946284651756287, -0.04603206366300583, -0.6441237330436707], [0.015842774882912636, -0.2994738817214966, -0.008662188425660133, 0.04575048387050629, -0.7441718578338623, 0.20642806589603424, 0.0444033108651638, -0.2441580444574356, -0.7688157558441162, 0.035518620163202286, 0.017872663214802742, -0.08390027284622192, -0.043677449226379395, -0.009078528732061386, 0.022550111636519432, -0.1521313190460205], [-0.012966901995241642, 0.05975889414548874, -0.12473165988922119, 0.26676905155181885, -0.10567290335893631, 0.6028214693069458, -0.25149843096733093, -0.011287141591310501, -0.6594831943511963, 0.10136266052722931, 0.5708969235420227, -0.045363496989011765, 0.007369097322225571, 0.08469343930482864, -0.00105480186175555, -0.08219785988330841], [-0.01681271195411682, 0.5192713737487793, -0.2631082236766815, -0.2655947506427765, 0.17819848656654358, -0.2573682963848114, -0.34224796295166016, -0.10237858444452286, 0.41890189051628113, 0.1463523954153061, 0.6176558136940002, -0.18164733052253723, -0.3529949486255646, -0.14729267358779907, -0.12154623121023178, -0.01161743700504303], [0.020853379741311073, -0.11884095519781113, 0.13087278604507446, 0.17226353287696838, -0.527656078338623, 0.18985715508460999, -0.09526783972978592, -0.16395984590053558, -0.5855005383491516, 0.11513493955135345, 0.10857383906841278, 0.06836461275815964, -0.09860263764858246, -0.11149243265390396, 0.07691575586795807, -0.031180299818515778], [-0.07613518089056015, -0.07473119348287582, 0.022930335253477097, -0.14933069050312042, 0.09238772094249725, 0.43086135387420654, 0.06716412305831909, 0.1575509011745453, -0.6920521259307861, 0.11293330788612366, 0.8130117654800415, -0.008463631384074688, -0.054476480931043625, 0.08965586125850677, 0.0100265983492136, -0.044607147574424744], [0.22826923429965973, 0.4696058928966522, -0.4091995656490326, -0.4008360803127289, 0.2264147698879242, -0.08938919007778168, -0.21155516803264618, -0.2001163512468338, 0.46268513798713684, 0.0250703115016222, 0.7015950679779053, -0.4584686756134033, -0.4130980670452118, 0.06555090099573135, 0.13029509782791138, -0.03330288082361221], [-0.210229754447937, -0.07982014864683151, -0.19958582520484924, -0.03210936486721039, -0.7291058301925659, 0.09984773397445679, -0.20231962203979492, -0.19967764616012573, -0.5283706784248352, 0.11809689551591873, 0.0170335341244936, 0.06724275648593903, -0.10420104116201401, -0.16803762316703796, 0.1156899556517601, 0.04206349700689316], [0.11689050495624542, 0.12289784848690033, -0.3014811873435974, -0.17410808801651, 0.08357670903205872, 0.0901002436876297, -0.022971006110310555, -0.08919912576675415, -0.7414067387580872, -0.1632399708032608, 0.6290703415870667, -0.1926247626543045, -0.11976638436317444, -0.09633800387382507, -0.06223983317613602, 0.1238887757062912], [0.057933684438467026, 0.284483402967453, -0.35062551498413086, -0.40967851877212524, -0.20830672979354858, -0.10630176961421967, -0.2909463346004486, -0.18225742876529694, 0.7220801115036011, -0.1273476481437683, 0.5757962465286255, -0.30660414695739746, -0.26162803173065186, 0.17653992772102356, -0.014043906703591347, -0.19437651336193085], [0.10099073499441147, 0.12206120789051056, -0.12785695493221283, -0.0651441439986229, 0.30604076385498047, 0.15100324153900146, -0.328920841217041, 0.14883093535900116, 0.25932642817497253, -0.01658000238239765, -0.8772249221801758, -0.15677784383296967, 0.157095804810524, 0.09573062509298325, -0.037682656198740005, 0.034464213997125626], [-0.006987713743001223, -0.006179946009069681, 0.03468126431107521, 0.09778096526861191, -0.08841819316148758, -0.0757642537355423, 0.08444008976221085, 0.07643888145685196, -0.6788444519042969, -0.04736246541142464, -0.12392669171094894, 0.12415050715208054, 0.11755233258008957, -0.08304144442081451, 0.028397753834724426, -0.03501097112894058], [0.21932736039161682, 0.5113528370857239, 0.3992522656917572, -0.02162439189851284, -0.545533299446106, -0.796973466873169, 0.10828448086977005, 0.49256840348243713, 1.1117572784423828, -0.7589082717895508, 0.6302735209465027, 0.16296501457691193, 0.4914259910583496, 0.2656029164791107, -0.15414729714393616, 0.15234056115150452], [-0.002499662572517991, -0.03772955760359764, 0.002033327240496874, 0.011665481142699718, 0.1226949617266655, 0.003821631893515587, 0.10105644911527634, -0.005798874888569117, 0.07655005156993866, -0.03175543621182442, 0.09252133965492249, 0.028306862339377403, -0.031182194128632545, -0.012596060521900654, -0.007867936044931412, -0.004441056400537491], [0.0006346324225887656, 0.014137624762952328, 0.00642168615013361, -0.0180166345089674, -0.09492536634206772, 0.07486492395401001, -0.061759404838085175, -0.004771645646542311, 0.3116168677806854, 0.01752513274550438, -0.21557487547397614, -0.026689251884818077, 0.01981867104768753, 0.02858571894466877, 0.011184890754520893, 0.011716854758560658], [0.07836207002401352, 0.06144965440034866, -0.2596485912799835, 0.07601618021726608, 0.33651161193847656, 0.017581777647137642, -0.12912817299365997, 0.3062117099761963, -0.36369743943214417, -0.2515515089035034, -0.011972392909228802, 4.6538021706510335e-05, -0.16936710476875305, 0.06833285838365555, 0.0596114918589592, -0.0575529970228672], [-0.21481522917747498, -0.40256497263908386, 0.4142826795578003, 0.229961559176445, 0.15224391222000122, 0.20144900679588318, 0.3378960192203522, 