{"triplane_resolution": 2048, "triplane_voxel_size": 0.001953125, "sparse_grid_resolution": 512, "sparse_grid_voxel_size": 0.0078125, "range_features": [-7.0, 7.0], "range_density": [-14.0, 14.0], "data_block_size": 16, "atlas_width": 850, "atlas_height": 425, "atlas_depth": 17, "num_slices": 17, "slice_depth": 1, "0_weights": [[0.6633305549621582, 0.13092558085918427, 4.5379743576049805, 3.377882480621338, -0.7113641500473022, 2.0084846019744873, -5.607583045959473, 5.204335689544678, 0.37520644068717957, 0.18987315893173218, 0.007330363150686026, -0.24302825331687927, -3.7846498489379883, 1.3707716464996338, 0.11977722495794296, 2.9216043949127197], [2.7515807151794434, 1.9015460014343262, -6.675298690795898, -0.6267418265342712, -2.462765693664551, 0.24988609552383423, 1.7670501470565796, -1.363205909729004, -1.8237195014953613, 3.394831418991089, -0.20906105637550354, -0.019564934074878693, 1.4037178754806519, -2.4273455142974854, 0.1731857806444168, -1.0907024145126343], [2.837944984436035, -0.22845740616321564, 3.1579182147979736, -0.22296737134456635, 3.090017557144165, -1.2904281616210938, 5.508682727813721, -3.6342217922210693, -2.0245375633239746, -1.0784931182861328, -0.0498201884329319, -0.07824209332466125, 5.431142807006836, -1.5333044528961182, 0.27125370502471924, 0.5099906921386719], [0.13559909164905548, 0.5891366004943848, 0.019156213849782944, -2.7769241333007812, 0.2396268993616104, -0.8727267384529114, -1.0634161233901978, -0.4657559096813202, -0.3092513978481293, 0.02359684742987156, -0.22914250195026398, -0.028797458857297897, 0.40943625569343567, -0.4674190580844879, -0.032087769359350204, -1.7582331895828247], [1.470681071281433, 1.6323002576828003, 0.3711114823818207, -10.320767402648926, 0.5177170634269714, 0.6866480708122253, 0.13599984347820282, -8.307577133178711, -1.984779715538025, -9.005064964294434, -0.21542364358901978, 0.06077471002936363, -1.8660465478897095, -0.7395703196525574, -2.792039155960083, 1.6673556566238403], [-4.324816703796387, -0.4904017448425293, -0.045046258717775345, -0.08140667527914047, -0.2550281882286072, 0.21625091135501862, 0.2811836004257202, 0.41401195526123047, -0.12025531381368637, -0.6844380497932434, -0.16673405468463898, -0.2744148373603821, -0.2784837484359741, -0.15732336044311523, -0.6315086483955383, 0.42198458313941956], [3.232545852661133, 0.37439411878585815, -0.32723698019981384, 1.8764334917068481, 1.5920854806900024, 1.0217448472976685, 1.0131304264068604, 0.4475978910923004, 1.4560908079147339, -0.2420399785041809, 0.09025608003139496, -0.011287353932857513, 0.18379880487918854, 1.1086705923080444, 0.23969313502311707, 1.2349292039871216], [0.11010471731424332, -0.6224881410598755, -0.001177264959551394, -0.5084742307662964, -0.36311447620391846, 0.20218905806541443, -0.08447219431400299, -0.04441890865564346, -0.5752970576286316, 0.16913826763629913, -0.12169554829597473, -0.08687425404787064, -0.18951180577278137, -0.4430561661720276, -0.13554704189300537, -0.49480554461479187], [-0.044220756739377975, 0.17242902517318726, -0.1748940348625183, 0.5460220575332642, 0.07224881649017334, -0.23147208988666534, 0.09925445914268494, -0.08411570638418198, -0.02027481608092785, 0.08812853693962097, -0.05242455005645752, -0.05810018628835678, 0.09648897498846054, 0.20709648728370667, 0.15485993027687073, 0.27103331685066223], [0.013092533685266972, 0.08036297559738159, 0.031977538019418716, 0.16810420155525208, 0.002894134959205985, 0.051336824893951416, -0.10277671366930008, -0.0327008031308651, -0.15152043104171753, -0.11408662796020508, 0.10405834019184113, 0.1720322072505951, -0.011835805140435696, -0.18196816742420197, 1.803670883178711, 0.05802210792899132], [0.13558964431285858, -0.43248409032821655, 0.18794122338294983, -0.3646361231803894, -0.1407552808523178, 0.16278934478759766, -0.19964897632598877, 0.03392238914966583, -0.40115249156951904, 0.17596977949142456, 0.009831134229898453, 0.03635851666331291, -0.18714332580566406, -0.46122050285339355, -0.05613372102379799, -0.3059302270412445], [-0.11801300942897797, 0.02078378014266491, 0.08425253629684448, 0.1728789061307907, 0.24168601632118225, -0.20446231961250305, 0.34965988993644714, 0.11578216403722763, -0.06836970895528793, 0.09013207256793976, 0.15541884303092957, 0.03289809823036194, 0.055517468601465225, 0.21068650484085083, 0.20538407564163208, 0.2658419609069824], [0.24790823459625244, 0.028129639104008675, -0.12118463218212128, 0.016686508432030678, 0.1118011623620987, 0.2144342064857483, 0.021333815529942513, -0.13230755925178528, -0.09892347455024719, -0.17421263456344604, 0.19343557953834534, -0.11816368997097015, -0.06906040757894516, 0.030959557741880417, 1.96842622756958, 0.047070637345314026], [-0.055576443672180176, -0.36850595474243164, 0.0014527367893606424, -0.5032268762588501, -0.332389771938324, 0.01303088665008545, -0.2279697060585022, -0.014682788401842117, -0.3723779022693634, -0.01010296680033207, 0.06284908205270767, -0.03216095268726349, -0.052615873515605927, -0.3090512454509735, 0.05882271006703377, -0.0459526963531971], [0.06578372418880463, 0.17388314008712769, 0.037600185722112656, 0.238939568400383, 0.1508965790271759, -0.03288333863019943, 0.06684555113315582, -0.06429784744977951, -0.16259831190109253, -0.20307110249996185, -0.11191415786743164, -0.02376428432762623, 0.03454563394188881, 0.008363447152078152, 0.2086613029241562, 0.3167897164821625], [0.046493638306856155, -0.16956999897956848, -0.09017497301101685, -0.04298041760921478, -0.15082009136676788, 0.18707938492298126, -0.07823725789785385, -0.12518373131752014, 0.17489272356033325, -0.14876997470855713, 0.08070863783359528, -0.007806030102074146, 0.08103393763303757, 0.13523687422275543, 1.5109562873840332, -0.08867818117141724], [0.054434262216091156, -0.1302969753742218, -0.02214665152132511, 0.22680632770061493, 0.17982281744480133, -0.028961002826690674, 0.17438216507434845, 0.12329351156949997, 0.1607382446527481, 0.08436895161867142, 0.13690553605556488, -0.007239856291562319, 0.05111488327383995, -0.20672637224197388, 0.025103077292442322, 0.2068769633769989], [0.07286438345909119, 0.11710862815380096, -0.0003897536953445524, -0.16050846874713898, 0.003109922166913748, -0.07764257490634918, -0.08424028754234314, 0.04682530090212822, -0.39791131019592285, 0.21319155395030975, 0.037241674959659576, -0.03653588891029358, -0.022335026413202286, -0.28687188029289246, -0.33920741081237793, -0.15738287568092346], [-0.16080844402313232, -0.14696621894836426, 0.02020936645567417, -0.09368118643760681, 0.011545940302312374, -0.31282129883766174, -0.0075639658607542515, 0.1964200884103775, 0.5412859916687012, 0.05239351838827133, -0.02769281156361103, 0.13884694874286652, 0.053353361785411835, -0.18304313719272614, -2.440019369125366, 0.09492114186286926], [-0.016684167087078094, -0.05319454148411751, 0.014728321693837643, -0.06032988429069519, -0.04722185805439949, 0.6392853260040283, -0.0030403314158320427, -0.22667406499385834, 0.15029276907444, 0.10751497000455856, 0.0713970959186554, -0.042416226118803024, -0.02290494553744793, -0.10901518911123276, 0.04560895636677742, 0.002117973053827882], [-0.0431148000061512, 0.004612010903656483, -0.00754333334043622, 0.02852778136730194, 0.03987758606672287, 0.024759147316217422, 0.17782087624073029, 0.06054580956697464, 0.06174754723906517, 0.00885781366378069, -0.027134977281093597, -0.04572979360818863, 0.05460764095187187, 0.0046516708098351955, -0.013258709572255611, 0.2653185725212097], [-0.09143764525651932, 0.08128252625465393, 0.008459524251520634, -0.08943257480859756, -0.10411844402551651, -0.11210877448320389, -0.06321898102760315, -0.07450997084379196, 0.2470467984676361, 0.004060213919728994, -0.10027970373630524, -0.12157859653234482, 0.15690690279006958, 0.03096582554280758, 2.2154831886291504, -0.06136395037174225], [0.02790956385433674, 0.16796159744262695, 0.0832207053899765, -0.2047015130519867, 0.08954499661922455, -0.0499078705906868, 0.06836392730474472, 