{"triplane_resolution": 4096, "triplane_voxel_size": 0.0009765625, "sparse_grid_resolution": 512, "sparse_grid_voxel_size": 0.0078125, "range_features": [-7.0, 7.0], "range_density": [-14.0, 14.0], "data_block_size": 8, "atlas_width": 1953, "atlas_height": 522, "atlas_depth": 9, "num_slices": 9, "slice_depth": 1, "0_weights": [[-0.1517637073993683, 0.4836403727531433, -0.13370917737483978, 0.13690143823623657, 1.817107915878296, 2.6436946392059326, 0.09219824522733688, -2.0135223865509033, -0.05653327330946922, 3.2799150943756104, 0.8927357792854309, -0.7071200013160706, 0.3528425395488739, 1.774956464767456, -0.49717631936073303, 0.5878721475601196], [-0.27935218811035156, 0.21958278119564056, -0.016530362889170647, 0.2676234245300293, 0.13377170264720917, -0.019374635070562363, -0.20558589696884155, -0.8480731248855591, -0.033633776009082794, 0.6293755173683167, 0.5975068807601929, -0.17530612647533417, -0.004123771097511053, 1.1398032903671265, -0.2539540231227875, -0.17244471609592438], [-0.2455967664718628, -1.3523476123809814, -0.06805996596813202, -1.591476321220398, -1.316786289215088, -1.7415467500686646, -0.003302356693893671, -0.5651206374168396, -0.032084204256534576, -1.8040452003479004, -1.8855044841766357, 1.112764835357666, -0.2572613060474396, 0.5584945678710938, 0.4592823088169098, -0.14635401964187622], [-0.11480218917131424, 0.03491915762424469, -0.24659860134124756, 0.6933344006538391, 0.5952492952346802, -0.9449940323829651, -0.0328371524810791, -0.6681340932846069, -0.10672957450151443, 0.4571402072906494, -0.18665705621242523, -0.21060071885585785, 0.228764608502388, -0.7626132369041443, -1.5827101469039917, 0.03824404627084732], [0.041666820645332336, -0.02532089315354824, -0.27107203006744385, 0.654661238193512, 0.7511914372444153, -0.7496058344841003, -0.08877729624509811, -0.4594382345676422, 0.10509790480136871, 0.17337089776992798, 0.016384873539209366, 0.013576395809650421, 0.306780606508255, -0.736828625202179, -1.769518256187439, 0.17694583535194397], [-0.16203568875789642, -1.3905918598175049, -0.19870860874652863, 0.3856865167617798, -1.6763908863067627, -1.1556087732315063, -0.2000417858362198, 1.5836008787155151, -0.19991417229175568, 1.5927700996398926, 2.858156204223633, 0.27458369731903076, -2.325092315673828, 3.4535484313964844, 0.12878701090812683, 0.9699843525886536], [-0.1846276968717575, 0.11972317844629288, -0.13626785576343536, 0.8080922961235046, 0.5961872935295105, -0.8337079286575317, -0.1601697951555252, -0.7414100170135498, 0.08675070106983185, 0.49372512102127075, -0.022362563759088516, -0.032743699848651886, 0.5072949528694153, -0.8201513886451721, -1.584890365600586, 0.0702587142586708], [0.038313739001750946, -0.012155941687524319, -0.12524664402008057, -0.1726311892271042, 0.4283752143383026, 0.11269471049308777, -0.022173356264829636, 0.22676588594913483, -4.898768020211719e-05, -0.14538846909999847, 0.22638766467571259, 0.21570949256420135, -0.21565181016921997, 0.04416690394282341, 0.09469452500343323, 0.1883450299501419], [0.01669677160680294, -0.47673723101615906, 0.061058517545461655, -2.2954814434051514, 0.4497622847557068, 0.03943288326263428, -0.16098646819591522, -0.009324559010565281, -0.234575092792511, 0.3199886083602905, -0.5765582323074341, 0.04779362305998802, -0.0025787276681512594, 0.05610727518796921, 0.14738653600215912, -0.11737357825040817], [-0.15208347141742706, -0.23036660254001617, -0.06968992203474045, -0.2606223225593567, -0.021615594625473022, -0.429600328207016, 0.05467939004302025, -0.48091527819633484, 0.11819105595350266, 0.1176736056804657, 0.12879391014575958, -0.25761738419532776, 1.0651893615722656, 0.04619884118437767, -0.1661192774772644, -0.18627561628818512], [0.15631583333015442, 0.1418803483247757, -0.03404371440410614, -0.32690009474754333, 0.013224522583186626, 0.18947504460811615, -0.040138233453035355, 0.034155212342739105, 0.14818277955055237, 0.05990171805024147, 0.11121752858161926, 0.11284518986940384, -0.29643645882606506, 0.02697817049920559, -0.07074275612831116, 0.0966484546661377], [-0.13382162153720856, -0.7610030770301819, 0.04830985888838768, -2.145914077758789, 0.3917279541492462, 0.16274121403694153, -0.04032143950462341, 0.10425575077533722, 0.039209820330142975, 0.1399659663438797, -0.4933181405067444, -0.028779711574316025, 0.14627544581890106, -0.08793295174837112, 0.10415729135274887, -0.2676696181297302], [-0.13139696419239044, -0.3779506981372833, 0.18501326441764832, 0.06149850785732269, -0.15406008064746857, -0.0929306223988533, -0.0894278809428215, -0.37972763180732727, 0.019034771248698235, -0.009760793298482895, 0.09931846708059311, -0.21384863555431366, 1.1241556406021118, 0.09917108714580536, -0.2004116326570511, 0.03074255771934986], [0.027709316462278366, -0.03649237006902695, -0.035682614892721176, -0.5554327368736267, -0.15723812580108643, -0.28963398933410645, -0.024612534791231155, -0.09511027485132217, -0.09190963208675385, 0.0555582158267498, 0.24048730731010437, 0.13419708609580994, -0.14188577234745026, -0.0604337602853775, -0.019398175179958344, 0.52992182970047], [-0.22309382259845734, -0.45255225896835327, -0.15802067518234253, -1.167130708694458, 0.2531943917274475, -0.12775076925754547, 0.03634550794959068, -0.016695713624358177, 0.08536428958177567, 0.16836196184158325, -0.33265939354896545, 0.3796747028827667, 0.07288537174463272, 0.07663046568632126, 0.15357442200183868, 0.09749198704957962], [-0.025773508474230766, -0.45938563346862793, -0.07639965415000916, -0.14747533202171326, -0.024478189647197723, -0.026111459359526634, 0.20209825038909912, -0.029696572571992874, 0.10548724234104156, 0.002690414898097515, 0.04380129277706146, 0.27346113324165344, 0.8933221101760864, 0.0019285244634374976, -0.05353504791855812, 0.1119714304804802], [0.1937926709651947, 0.24478690326213837, -0.07603465020656586, 0.5254831910133362, -0.3630017042160034, 0.012969326227903366, 0.1224793791770935, 0.04306056350469589, -0.050116702914237976, -0.19224990904331207, 0.0835656076669693, 0.11940764635801315, -0.3630732297897339, 0.15688548982143402, -0.19265638291835785, 1.06110680103302], [-0.05014147236943245, -0.10347934812307358, -0.10138542950153351, 0.9164922833442688, 0.3756687045097351, -0.13264943659305573, 0.04682951048016548, 0.015032869763672352, -0.033395592123270035, -0.011141117662191391, 1.1610212326049805, 0.032777056097984314, 0.17545177042484283, -0.11488485336303711, -0.07522081583738327, -0.2953683137893677], [0.0814087837934494, 0.026209069415926933, 0.036112431436777115, 0.7031639814376831, 0.37708476185798645, -0.3998773396015167, 0.02122715674340725, 0.5445317029953003, 0.08788620680570602, -0.004008878488093615, -0.7652019262313843, 1.6488054990768433, -2.0803029537200928, -0.016125507652759552, -0.00514253368601203, -0.16817346215248108], [0.10987876355648041, -0.10566772520542145, 0.07456924766302109, -0.12292782962322235, 0.06935831904411316, 0.07823244482278824, -0.010791263543069363, -0.05713885650038719, -0.002898844890296459, 0.04756642132997513, -0.01415401790291071, -0.38564056158065796, 0.3126879632472992, 0.0015402856515720487, 0.057511959224939346, 1.099861741065979], [0.06319224089384079, -0.6194289326667786, -0.15727460384368896, 0.41970086097717285, 0.03666491433978081, 0.07863849401473999, 0.13141077756881714, -0.03520767763257027, 0.0948840007185936, -0.03433698043227196, -0.2099989354610443, -0.0594162754714489, -0.1148102805018425, 0.012025409378111362, -0.050252195447683334, 0.2716328203678131], [-0.1945420652627945, 0.02074972726404667, 0.018627788871526718, 0.05376735329627991, -0.06212235242128372, 0.5962756276130676, 0.13154321908950806, -0.0017446695128455758, 0.04375450313091278, -0.05261187627911568, 0.3111770749092102, -0.951284646987915, 2.970184087753296, -0.060405053198337555, 0.2401045858860016, 0.574841320514679], [-0.3454534411430359, 0.14415469765663147, -0.04870116710662842, -0.33494147658348083, -0.12055592238903046, 0.6558617949485779, -0.10378574579954147, 