{"triplane_resolution": 4096, "triplane_voxel_size": 0.0009765625, "sparse_grid_resolution": 512, "sparse_grid_voxel_size": 0.0078125, "range_features": [-7.0, 7.0], "range_density": [-14.0, 14.0], "data_block_size": 8, "atlas_width": 1872, "atlas_height": 531, "atlas_depth": 9, "num_slices": 9, "slice_depth": 1, "0_weights": [[0.4922664761543274, -0.22848990559577942, -0.2507335841655731, -1.8479442596435547, 2.40441632270813, 0.9919450879096985, -0.13305291533470154, 0.7314828038215637, 0.04210994020104408, -0.7005340456962585, -0.1726021021604538, 0.24070557951927185, 0.5478348731994629, -1.1001249551773071, 0.2521064281463623, -1.6826019287109375], [-0.5911386013031006, -0.08964820951223373, -0.35258281230926514, 1.3518301248550415, 1.9829341173171997, 0.6632195711135864, 0.3271225094795227, -0.8609387874603271, 0.7143695950508118, -0.723848819732666, -0.052412014454603195, -1.3170114755630493, -0.04036005958914757, 0.20072349905967712, -0.029286636039614677, 0.04482635483145714], [-0.23102134466171265, 1.0039094686508179, -0.15633101761341095, 1.149925947189331, 0.670770525932312, 1.2607531547546387, -1.4774316549301147, -0.5756082534790039, 0.21081945300102234, 0.7164746522903442, -0.1455262154340744, 2.1377112865448, -1.115729808807373, 0.685090959072113, -0.15103615820407867, -0.6717429161071777], [0.04540418088436127, 0.019154774025082588, -0.37170711159706116, -2.2835147380828857, 0.17158816754817963, -4.0244903564453125, 1.2259860038757324, 3.3379790782928467, -1.2071822881698608, -0.38359907269477844, 0.013653884641826153, -0.6328316926956177, 1.1312711238861084, 0.031431250274181366, -2.9650251865386963, 2.6632392406463623], [0.6447145938873291, -0.9096503853797913, -0.33017268776893616, -0.6720544099807739, -0.9986550211906433, -0.06237855553627014, -1.7171670198440552, -0.6988971829414368, 0.4709192216396332, 1.166171908378601, -0.11209632456302643, -0.4495663344860077, -0.9848573207855225, 2.615640163421631, -0.7102082371711731, 0.22636757791042328], [-0.8460261821746826, -0.005714617669582367, -0.10897517949342728, -0.00944904237985611, -1.64014732837677, -1.468923807144165, -0.8076568841934204, -1.43630051612854, -0.49293988943099976, -0.5654469132423401, -0.1894654482603073, -1.5965044498443604, 0.6874262094497681, -1.6977345943450928, 2.259808301925659, -0.2473711222410202], [-0.2889365553855896, 0.2524740397930145, -0.22618789970874786, -0.48101356625556946, -1.5021257400512695, -0.4985271096229553, -0.45109671354293823, -0.21703919768333435, 0.04212917387485504, 0.7538810968399048, -0.17774052917957306, -0.4086402952671051, -0.49260327219963074, 0.22817322611808777, -1.5844298601150513, -0.2650212347507477], [-0.1388038694858551, 0.18513816595077515, -0.003687584074214101, -0.18440525233745575, -0.32776156067848206, -0.2209082841873169, 0.039520036429166794, -0.20161695778369904, -0.4410470426082611, 0.031376853585243225, -0.030191045254468918, -0.0901617482304573, -0.3784780502319336, 0.12676721811294556, 0.022894149646162987, -0.4388769268989563], [0.41373369097709656, -0.165008544921875, 0.09859448671340942, 0.6456385850906372, 0.0819055438041687, -0.32062724232673645, -0.02909925766289234, 0.01843959465622902, -0.2526969611644745, -0.33498868346214294, -0.020878540351986885, 0.18602852523326874, 0.22952821850776672, -0.34773018956184387, 0.14894816279411316, 0.4426751732826233], [-0.025874564424157143, 1.3106660842895508, -0.07297820597887039, 0.14846986532211304, 0.19882330298423767, -0.2161540687084198, -0.20270663499832153, 0.10575100779533386, 0.573614239692688, 0.5015900731086731, -0.09065757691860199, -0.2613151967525482, -0.1622338742017746, 0.012495986185967922, 1.0908316373825073, 0.12174523621797562], [-0.37181025743484497, -0.002258897526189685, -0.0888705924153328, -0.007534457836300135, -0.159417986869812, 0.0013303671730682254, 0.07781165093183517, 0.05849292874336243, -0.30780595541000366, -0.18739169836044312, -0.037891991436481476, 0.16999664902687073, -0.43638792634010315, 0.06540872901678085, 0.20255215466022491, -0.26965683698654175], [0.4212966859340668, -0.009832708165049553, 0.0023399447090923786, 0.5499933958053589, -0.0025558657944202423, -0.21331480145454407, 0.0425422266125679, 0.1669749617576599, -0.1837080866098404, -0.2114749550819397, -0.05564793571829796, -0.13234290480613708, 0.10097547620534897, -0.5253503918647766, 0.19582483172416687, 0.19694332778453827], [0.055005066096782684, 1.0942093133926392, 0.00015934757539071143, 0.04702236130833626, 0.0584590844810009, -0.3459542393684387, -0.30008652806282043, -0.14521872997283936, 0.20460426807403564, 0.1707877814769745, 0.07789469510316849, -0.3490830063819885, 0.027578001841902733, 0.07487241178750992, 0.8576537370681763, 0.07910420745611191], [-0.6484158635139465, -0.1206623762845993, -0.011117400601506233, 0.015580025501549244, 0.0956735834479332, -0.10928265750408173, 0.016624389216303825, -0.008794091641902924, -0.10582925379276276, -0.4196832478046417, -0.08349937945604324, -0.00527193071320653, 0.01473240926861763, 0.26310858130455017, -0.03657228872179985, 0.014509468339383602], [0.1519349068403244, 0.023108577355742455, 0.014838261529803276, 0.4586045444011688, -0.10821478068828583, 0.025841636583209038, -0.04621360823512077, -0.300934761762619, -0.3481435477733612, 0.49031442403793335, 0.013014729134738445, -0.3743112087249756, -0.42673587799072266, -0.5295488238334656, 0.4029548764228821, -0.1817682683467865], [-0.3180966079235077, 1.0525423288345337, 0.12549754977226257, -0.3392808139324188, -0.016588957980275154, -0.2595117390155792, -0.14199954271316528, -0.15551023185253143, 0.21568401157855988, 0.18472914397716522, 0.13303950428962708, -0.08886124193668365, 0.006509287282824516, 0.2573879063129425, 0.6500414609909058, 0.12650568783283234], [-1.7727131843566895, 0.18797548115253448, -0.16118751466274261, 0.43586891889572144, -0.10126343369483948, -0.19412653148174286, 0.0991491824388504, -0.08965909481048584, 0.8573551774024963, -0.6137012839317322, 0.027111399918794632, -0.4006666839122772, 0.7865520119667053, -0.8686509728431702, -0.23220296204090118, -0.5284261703491211], [-0.6351374983787537, 0.17931881546974182, -0.08692342787981033, 0.3042604923248291, 0.22277981042861938, -0.006898797117173672, 0.10785890370607376, -0.06141334027051926, -0.6477116346359253, 0.25828954577445984, -0.0582277774810791, -0.30218878388404846, -1.297951340675354, -0.7248627543449402, 0.25994086265563965, 0.318831205368042], [0.058351729065179825, 0.0005116848624311388, -0.03278614953160286, -0.8644554018974304, -0.07437600195407867, 0.34505563974380493, 0.15477217733860016, 0.06866376101970673, -0.15681512653827667, -0.0006814998923800886, 0.02374701015651226, 0.2694152891635895, 0.10169357061386108, 1.085612177848816, -2.296046495437622, 0.2885774075984955], [-0.7306528091430664, -0.14880335330963135, 0.025284718722105026, 0.36582037806510925, 0.11273691803216934, 0.132940411567688, -0.004950780887156725, 0.10976383835077286, -0.1733851283788681, 0.6295055150985718, 0.1062292605638504, -0.03713948652148247, -0.19440937042236328, 0.044613342732191086, -0.008427513763308525, 0.5416838526725769], [-0.2455308586359024, -0.0012625070521607995, -0.06213684007525444, -0.017433887347579002, -0.005955736618489027, 0.004352272488176823, 0.0154958451166749, 0.05131068453192711, -0.9284642338752747, 0.06839416921138763, -0.05700113996863365, 0.057477306574583054, -1.0063930749893188, 0.9880722165107727, -0.029069257900118828, 0.016884272918105125], [-0.4410187900066376, -0.6757627725601196, -0.05643272399902344, -0.21505106985569, -0.11228382587432861, 0.057825058698654175, 0.12029122561216354, 0.05787889286875725, -0.6662265062332153, 0.02890387922525406, -0.029988858848810196, 0.08236011862754822, -0.814978301525116, 0.3211522698402405, 3.1795668601989746, 0.08565694838762283], [-0.43873363733291626, -0.13415630161762238, -0.39274147152900696, 0.11134803295135498, 0.5249334573745728, 0.18871980905532837, 0.6312193274497986, 0.5979447960853577, 