{"triplane_resolution": 4096, "triplane_voxel_size": 0.0009765625, "sparse_grid_resolution": 512, "sparse_grid_voxel_size": 0.0078125, "range_features": [-7.0, 7.0], "range_density": [-14.0, 14.0], "data_block_size": 8, "atlas_width": 1998, "atlas_height": 342, "atlas_depth": 9, "num_slices": 9, "slice_depth": 1, "0_weights": [[-1.0806795358657837, 0.404183954000473, 2.5358099937438965, -1.383650541305542, -0.22521576285362244, 2.0729026794433594, -1.1039577722549438, 0.3176860809326172, 0.4155868589878082, -1.2538808584213257, 0.9341192841529846, -3.7985286712646484, 2.3962655067443848, -2.7070789337158203, 2.4016377925872803, 0.4774940609931946], [0.15015631914138794, 0.5139809250831604, -0.44101762771606445, 0.36457183957099915, 2.550262928009033, 1.7522388696670532, -1.8954721689224243, 0.9835011959075928, -0.4262729287147522, 0.016184281557798386, 2.6115875244140625, 0.5015572905540466, 0.44289982318878174, 0.7877123355865479, 2.5508909225463867, 1.472586750984192], [0.5011633634567261, 0.36054727435112, -0.40089693665504456, -0.19848456978797913, 4.0213823318481445, 0.6101489663124084, -3.6183393001556396, 2.666661500930786, 1.4671893119812012, -0.12969058752059937, -0.23192301392555237, 3.7276320457458496, 0.45292437076568604, 4.322408199310303, 1.4987748861312866, 2.4873533248901367], [3.8243184089660645, 12.179965019226074, 14.340252876281738, 22.981950759887695, 11.393802642822266, 21.369495391845703, 7.860479354858398, 4.7903337478637695, -15.778581619262695, -3.1600050926208496, 8.982142448425293, 16.971969604492188, 8.672224998474121, -17.202821731567383, 16.928266525268555, -7.021843910217285], [-2.6205763816833496, 12.35059928894043, 11.830696105957031, 12.87338638305664, 11.70064640045166, 18.29343032836914, 3.11655592918396, 6.669127464294434, -13.776155471801758, -3.360959053039551, 3.9808807373046875, 18.648801803588867, 7.6515679359436035, -4.678379535675049, 11.037415504455566, -10.947278022766113], [0.6927802562713623, 0.013894259929656982, -0.13212886452674866, 0.44696420431137085, 1.2785747051239014, 1.4214019775390625, 0.2361728847026825, -0.09275924414396286, 0.08464303612709045, 0.06503776460886002, 0.17874324321746826, -1.4759491682052612, -3.2139296531677246, -0.1129281222820282, 0.5235863924026489, 0.10257525742053986], [-1.3468354940414429, 0.6457175612449646, -0.8469527959823608, -1.3754150867462158, -0.10924123972654343, 0.973706066608429, -1.8809993267059326, 1.5804461240768433, 1.8664413690567017, -0.6839709877967834, -2.6672134399414062, -0.5199038982391357, -0.07711338996887207, -0.5587093830108643, -1.1226779222488403, -0.05712183937430382], [-0.043479107320308685, -0.2581048905849457, -0.003604589030146599, 0.036163080483675, 0.07431887090206146, -0.03353001922369003, 0.00553125748410821, 0.02898118831217289, 0.5046641826629639, -0.09729620814323425, 0.0459330715239048, -0.0012590697733685374, -0.07030320167541504, -0.18007586896419525, -0.013050360605120659, -0.5537799596786499], [-0.21992230415344238, 0.7929466962814331, -0.01054864376783371, 0.19175824522972107, 0.09819392114877701, -0.3663780987262726, 0.10407522320747375, 0.24318286776542664, -0.38396838307380676, 0.029823625460267067, 0.0880976989865303, -0.1389635056257248, -0.5712650418281555, -0.052909236401319504, -0.055942703038454056, -0.4813711941242218], [-0.02581588737666607, -0.14098350703716278, -0.38889259099960327, -0.3770439624786377, 0.07078397274017334, 0.6739963889122009, -0.3534140884876251, 0.15446245670318604, -0.045951519161462784, 0.8196685314178467, -0.016247915104031563, 0.1516081541776657, -0.22047100961208344, -0.24353468418121338, -0.05416888743638992, 0.30294597148895264], [0.12550410628318787, -0.0045166341587901115, 0.0198894701898098, -0.04253649339079857, 0.0008406132692471147, -0.1840674877166748, -0.10378337651491165, 0.048186227679252625, 0.35849130153656006, -0.3468574583530426, 0.07999925315380096, -0.04536813497543335, -0.021930277347564697, -0.0954412892460823, 0.15772932767868042, -0.5540127158164978], [-0.38465648889541626, 0.9444180727005005, 0.07232457399368286, -0.0434737466275692, 0.14938165247440338, -0.30908429622650146, -0.1387198567390442, 0.397427499294281, -0.3830982744693756, 0.15910866856575012, 0.052955083549022675, -0.039225369691848755, -0.35752061009407043, 0.036754194647073746, -0.14153577387332916, -0.6003848910331726], [-0.26909783482551575, -0.038654036819934845, -0.20696604251861572, -0.43442094326019287, 0.03167632967233658, 0.5214033126831055, -0.2903413474559784, 0.3398411273956299, 0.17305497825145721, 1.0475897789001465, -0.07242944836616516, 0.2865524888038635, -0.172965407371521, -0.3157769441604614, -0.22033163905143738, 0.15297023952007294], [0.14334805309772491, 0.06189027428627014, 0.1408066302537918, 0.10208965092897415, 0.023152384907007217, -0.15550725162029266, 0.11260408908128738, -0.052341528236866, 0.3541158437728882, -0.24985794723033905, 0.026932107284665108, 0.005376263055950403, -0.2358267456293106, 0.29108595848083496, -0.12389162182807922, -0.5103253722190857], [-0.32288822531700134, 0.43363291025161743, -0.16870462894439697, -0.13129009306430817, -0.11412825435400009, -0.3951970636844635, 0.11402211338281631, 0.0505889467895031, -0.286539763212204, -0.005964003503322601, -0.15445181727409363, 0.03394101932644844, -0.2890688180923462, -0.011165785603225231, 0.14580038189888, -0.37230682373046875], [-0.16341716051101685, -0.0684439167380333, -0.21988852322101593, -0.3080022931098938, 0.23566672205924988, 0.7563127279281616, -0.5684100985527039, 0.3356500267982483, 0.33774110674858093, 1.0793921947479248, -0.004178366158157587, 0.21774190664291382, -0.21907031536102295, -0.17773978412151337, -0.042032722383737564, 0.11015481501817703], [0.04474680870771408, -0.28178346157073975, -0.014475728385150433, -0.0646769180893898, 0.02476629428565502, 0.36856064200401306, -0.03780847042798996, -0.0764598548412323, 0.31879717111587524, -0.09546312689781189, 0.03996874392032623, -0.02008841000497341, 0.18906621634960175, -0.05492711067199707, 0.032417938113212585, 0.15169617533683777], [0.1752677708864212, 0.1931612342596054, -0.2506868839263916, 0.0646810382604599, 0.00012848460755776614, -0.3412731885910034, -0.04053498059511185, -0.20812998712062836, 0.3813689053058624, 0.09172047674655914, 0.0761714056134224, -0.02579490840435028, 0.7338668704032898, -0.14871752262115479, -0.03722625970840454, -0.28607818484306335], [-0.273159384727478, -0.5102163553237915, 0.26145103573799133, 0.5906161665916443, -0.02168126031756401, 0.32253119349479675, -0.07011249661445618, -0.0637628510594368, 2.267042636871338, 1.3479174375534058, -0.04061891883611679, 0.1461639553308487, 0.3131755292415619, 0.1630280762910843, 0.01036867219954729, -0.3146314024925232], [-0.0906115472316742, 0.058016031980514526, -0.030133983120322227, -0.02529013529419899, -0.006201065145432949, -0.26451629400253296, 0.014629451557993889, 0.019330279901623726, -0.10619060695171356, 0.09583260118961334, -0.002962258644402027, 0.02622644230723381, -0.0037213978357613087, 0.004019933752715588, -0.006014602724462748, -0.02409311756491661], [0.06195000186562538, 0.0535212866961956, -0.02978559024631977, 0.02828541398048401, 0.006443049758672714, -0.07992567867040634, -0.008035735227167606, 0.009409691207110882, -0.09208819270133972, -0.03599994629621506, 0.0033456909004598856, 0.0031541914213448763, -0.002375233918428421, -0.009961760602891445, 0.0035667289048433304, 0.07755247503519058], [-0.4298933744430542, -0.24328579008579254, -0.06732738018035889, -0.13101859390735626, 0.01147328969091177, -0.1516800969839096, -0.11439035832881927, 0.03453660011291504, 0.1807924211025238, 1.2153595685958862, 0.055694323033094406, -0.01908029057085514, -0.10739371180534363, -0.04503770172595978, 0.002450184663757682, -0.16371594369411469], [0.2242596596479416, -0.1314101219177246, 0.3859698474407196, 0.2974321246147156, -0.41873282194137573, -0.5106472373008728, 0.5233793258666992, -0.4858061671257019, -0.4672824442386627, 