{"triplane_resolution": 2048, "triplane_voxel_size": 0.001953125, "sparse_grid_resolution": 512, "sparse_grid_voxel_size": 0.0078125, "range_features": [-7.0, 7.0], "range_density": [-14.0, 14.0], "data_block_size": 16, "atlas_width": 1904, "atlas_height": 221, "atlas_depth": 17, "num_slices": 17, "slice_depth": 1, "0_weights": [[-2.5813188552856445, -2.1026370525360107, 0.654114842414856, -2.220036506652832, 3.021876573562622, 1.4402103424072266, 1.3674460649490356, 1.3452115058898926, 2.410691022872925, -0.015010722912847996, -2.7716481685638428, -0.4712966978549957, 0.2319333404302597, -2.38739013671875, -0.09692414849996567, 2.0464682579040527], [-1.9561606645584106, 0.4232557415962219, -2.9708926677703857, 0.25949224829673767, 3.312229871749878, 0.7268201112747192, 3.009345531463623, -0.8842149376869202, 1.0995088815689087, 0.9397189021110535, 0.9849662184715271, 1.6275615692138672, 0.22122971713542938, 2.349074363708496, 0.0026608614716678858, 2.0987868309020996], [-1.496807336807251, 2.8741328716278076, -5.811372756958008, 0.7495183944702148, 2.688754081726074, -5.625324249267578, 3.6050984859466553, -1.3005166053771973, 0.002976310206577182, 0.9975659847259521, 4.290789604187012, 2.4831273555755615, 0.052762504667043686, 4.979249000549316, 2.513164758682251, 2.284669876098633], [-5.293239116668701, 24.513736724853516, 9.749530792236328, 14.21833610534668, 8.913030624389648, -9.6278076171875, 10.556801795959473, 3.780947685241699, -6.835044860839844, 0.9345987439155579, -20.796405792236328, 10.073951721191406, -3.678335666656494, 8.568729400634766, -14.655424118041992, 41.38718795776367], [-0.7443081736564636, -0.7247926592826843, -1.776247501373291, -0.19307558238506317, -0.005597860086709261, 0.817957878112793, -1.9626468420028687, 0.3187098503112793, 2.6917383670806885, 0.25105392932891846, -1.3016602993011475, 3.6879429817199707, -0.1853281557559967, -0.020036455243825912, -0.5289795994758606, 4.579204082489014], [1.3982692956924438, 2.0087552070617676, -2.3090600967407227, -1.117045521736145, 0.13276605308055878, -1.1277446746826172, 3.6678295135498047, -1.9561479091644287, 1.2383242845535278, -1.277280569076538, -0.5368397831916809, -7.329117298126221, -1.1716676950454712, -0.42552870512008667, -1.7704962491989136, 6.219306945800781], [-0.7072468400001526, 0.5086346864700317, -0.31946688890457153, -1.1667861938476562, -0.11397271603345871, -0.3963150978088379, -2.1220357418060303, 1.494324803352356, -1.3961161375045776, -1.8898967504501343, -2.3777670860290527, 0.8164637684822083, -0.15185512602329254, -0.3634985089302063, -2.158068895339966, -2.234182357788086], [-0.14290615916252136, -0.2545757591724396, -0.06397406756877899, 0.09364718198776245, 0.11099036037921906, 0.15587690472602844, 0.518761157989502, -0.2651025652885437, 0.087213434278965, -0.1738949418067932, 0.1134573295712471, -1.1582963466644287, -0.27231091260910034, -0.16411444544792175, -0.2559282183647156, -0.4736117124557495], [-0.04797400161623955, -0.20692838728427887, 0.20259737968444824, 0.4100591838359833, 0.04747876152396202, 0.011181856505572796, -0.16951556503772736, 0.14444786310195923, -0.896397590637207, -0.5349082946777344, -0.17777171730995178, -0.30500826239585876, -0.06592452526092529, 0.017604295164346695, 0.728996992111206, 0.8716867566108704], [-0.3265672028064728, -0.12118198722600937, -0.22726429998874664, -0.3927338719367981, -0.05948719009757042, -0.05355366691946983, 0.6175404787063599, 0.9033301472663879, 0.493308424949646, -0.04583965241909027, 0.052493516355752945, 0.36307427287101746, 0.9184918999671936, -0.10238349437713623, 0.1984163224697113, 0.3530460298061371], [0.03929327055811882, -0.05691372975707054, -0.040932394564151764, 0.016472015529870987, -0.024297455325722694, -0.03735003620386124, 0.42348596453666687, -0.19501425325870514, -0.03356559947133064, -0.4204714000225067, 0.1534496545791626, -1.205650806427002, -0.24460481107234955, -0.11143746972084045, -0.023257913067936897, -0.4271596670150757], [-0.2219066619873047, 0.013830508105456829, 0.2809634804725647, 0.14976264536380768, 0.100399449467659, 0.05758466199040413, -0.40351712703704834, 0.3901785612106323, -0.8317319750785828, -0.41353991627693176, -0.16818982362747192, -0.2258947342634201, 0.09558586776256561, 0.08010254800319672, 0.5818379521369934, 0.6396743059158325], [-0.5490757822990417, -0.007422583643347025, -0.0788496658205986, -0.4537819027900696, -0.09877968579530716, -0.18770939111709595, 0.6637647151947021, 1.1008522510528564, 0.5926839709281921, 0.13249218463897705, -0.02811041660606861, 0.557942271232605, 0.9370421171188354, -0.1813398003578186, 0.012141975574195385, 0.21296098828315735], [0.09073507785797119, -0.12234662473201752, 0.07142205536365509, 0.14552603662014008, -0.16474305093288422, -0.137669637799263, 0.6588066816329956, -0.1450197845697403, 0.03220982104539871, -0.3219432532787323, 0.10267181694507599, -1.1493301391601562, -0.5276481509208679, 0.1914108246564865, -0.11040128022432327, -0.2693933844566345], [-0.192034512758255, -0.30764663219451904, 0.02414957620203495, -0.010098293423652649, -0.15597231686115265, -0.07495225965976715, -0.11797960847616196, 0.3323782682418823, -0.5878463983535767, -0.556821882724762, -0.256165087223053, -0.21097694337368011, 0.01710628531873226, -0.033321019262075424, 0.6895588636398315, 0.5518180727958679], [-0.37829872965812683, 0.0022706156596541405, -0.19750970602035522, -0.3446204960346222, 0.1071159765124321, 0.09806851297616959, 0.33655425906181335, 1.132606863975525, 0.3678247034549713, 0.011748159304261208, -0.03866461664438248, 0.6621708869934082, 0.7967714667320251, -0.06654631346464157, 0.12764309346675873, 0.20849652588367462], [-0.06556090712547302, -0.04512816667556763, -0.06664919853210449, 0.0026841743383556604, 0.055347759276628494, -0.028139742091298103, -0.3102414309978485, -0.14194756746292114, -0.17662402987480164, -0.10184542834758759, -0.12540225684642792, -0.2816629707813263, -0.09814193099737167, -0.059779416769742966, 0.8833130598068237, 0.2714617848396301], [0.11412966996431351, -0.2029283344745636, -0.16424140334129333, 0.011835928075015545, 0.05670229718089104, 0.035566627979278564, 0.07540030777454376, 0.2273871898651123, 0.39301371574401855, -0.01497676596045494, 0.01660567708313465, -0.38606008887290955, 0.4170166552066803, -0.03230580314993858, 0.05930695682764053, -0.2468024343252182], [-0.16800051927566528, 0.36532488465309143, -0.13750852644443512, 0.19690705835819244, -0.025458484888076782, -0.11973703652620316, 0.42319589853286743, 1.091180682182312, -0.15675783157348633, -0.6463494300842285, -0.5904521346092224, 1.0827022790908813, 0.4400399625301361, -0.021417664363980293, -0.014798557385802269, 0.4842188358306885], [0.021245233714580536, -0.015932602807879448, 0.03496505320072174, 0.004818334244191647, -0.0037539114709943533, 0.01839054562151432, -0.0879891887307167, 0.028054283931851387, -0.06086286902427673, 0.11835736036300659, 0.017725646495819092, 0.3271819055080414, 0.05712630972266197, 0.016354022547602654, -0.29801514744758606, -0.04004743695259094], [-0.035767387598752975, 0.043491512537002563, 0.004457840695977211, 0.03232259675860405, -0.004904755391180515, 0.002337113721296191, 0.04233758896589279, 0.02564968727529049, -0.2341773509979248, -0.05443795397877693, -0.06175905466079712, -0.039173051714897156, 0.007711560931056738, -0.001689983531832695, 0.011275701224803925, -0.04647637531161308], [0.055713724344968796, -0.3829043507575989, -0.13666130602359772, 0.018854083493351936, 0.10343079268932343, -0.11472591012716293, 0.725044310092926, 0.1232447624206543, 0.44865062832832336, -0.09526175260543823, -0.10724537819623947, -0.40850937366485596, -0.4119791090488434, -0.010903590358793736, -0.5816013216972351, -0.20325733721256256], [0.5208680629730225, -0.007828917354345322, 0.4285808205604553, 0.3257729709148407, -0.19276311993598938, 0.07474955171346664, -0.052718501538038254, 0.07876858115196228, -0.8007116913795471, -0.029223430901765823, 0.1472836285829544, 