{"triplane_resolution": 2048, "triplane_voxel_size": 0.001953125, "sparse_grid_resolution": 512, "sparse_grid_voxel_size": 0.0078125, "range_features": [-7.0, 7.0], "range_density": [-14.0, 14.0], "data_block_size": 16, "atlas_width": 697, "atlas_height": 255, "atlas_depth": 17, "num_slices": 17, "slice_depth": 1, "0_weights": [[1.9205992221832275, -0.01262944657355547, 3.389737606048584, 0.76584792137146, -2.824890375137329, 1.9066380262374878, -0.9256322383880615, 1.9352487325668335, 0.2926771640777588, -0.35156014561653137, 0.4023817479610443, -0.7148227691650391, -1.17332923412323, -0.17666421830654144, -0.16417638957500458, 2.5894644260406494], [2.0654091835021973, 0.14823433756828308, 1.8635659217834473, -1.4348808526992798, -1.8424296379089355, 3.2229080200195312, -0.87900310754776, 1.6806296110153198, 0.5830059051513672, 2.9093005657196045, 1.5296772718429565, 2.3408920764923096, 0.6994363069534302, -0.05211864784359932, -0.14469105005264282, 2.7590155601501465], [1.4307537078857422, 0.7166975736618042, -0.32639819383621216, 0.1954856812953949, 2.2634165287017822, 4.810393333435059, -3.933893918991089, -3.487272262573242, 2.8654141426086426, 0.5471575856208801, 3.2494513988494873, 3.87777042388916, 0.3986021876335144, -0.007721440866589546, -0.07567844539880753, 4.923024654388428], [-0.321363240480423, -1.2068337202072144, -0.07749110460281372, 0.258844256401062, 0.8249807357788086, -0.8250520825386047, 0.8247021436691284, 0.28126832842826843, -0.586428701877594, -0.09023178368806839, -1.4229152202606201, -0.1570669710636139, 0.17776994407176971, -0.13220711052417755, -0.5097881555557251, -0.3337855339050293], [-0.4061618447303772, 0.9243334531784058, 0.31294187903404236, -3.087367057800293, 2.877049446105957, -0.5370025634765625, -3.699286937713623, -3.47584867477417, -2.2348968982696533, 2.349928379058838, 0.510333240032196, 2.189842700958252, 0.6994657516479492, -0.1732024997472763, 0.13451120257377625, -1.5464922189712524], [0.13588331639766693, -0.8307615518569946, -0.49433037638664246, 0.02603970654308796, -0.3404206335544586, -0.3387018144130707, -0.7271195650100708, 0.05442706122994423, 0.14693376421928406, 0.08323445916175842, -2.069223165512085, -0.12119852751493454, 0.19423823058605194, 0.08808504045009613, -0.5745736956596375, -0.2383103221654892], [-0.030131371691823006, -0.7472050786018372, -0.5814417004585266, -0.08572416007518768, 0.03116634115576744, -0.44671204686164856, -0.7574214339256287, 0.07744000852108002, 0.10285846143960953, -0.11241726577281952, -1.8878865242004395, 0.14389340579509735, 0.24042043089866638, 0.08516238629817963, -0.608999490737915, 0.01605594903230667], [0.06480661034584045, -0.6525348424911499, 0.9525147080421448, 0.021900227293372154, 0.1740204393863678, 0.5173180103302002, 0.789780855178833, -0.6004747152328491, -0.33502197265625, 0.5471112132072449, -0.3890710473060608, -0.10222773998975754, -1.001100778579712, -0.09624625742435455, -0.002182643860578537, -0.054340727627277374], [0.07744824886322021, -0.15944808721542358, 0.8552730083465576, -0.10548097640275955, 0.6346215009689331, 0.3014586567878723, 0.3508393466472626, -0.8482150435447693, -0.5780587792396545, 0.46510395407676697, 0.30620327591896057, 0.18867406249046326, 0.37896865606307983, 0.014042787253856659, 0.03512485325336456, -0.08432627469301224], [-0.5870169401168823, 0.34024322032928467, 0.07646433264017105, -0.45780807733535767, 0.13762976229190826, -0.2537021338939667, -0.6676477193832397, 0.21749413013458252, -0.27774733304977417, 0.04886213690042496, 0.15335243940353394, 0.595970869064331, 0.921973705291748, -0.05599730461835861, 0.5399055480957031, -0.05950865522027016], [0.08685459941625595, -0.5276055335998535, 1.1674081087112427, 0.1554471254348755, 0.40262943506240845, 0.4791889488697052, 0.6458367109298706, -0.43277227878570557, -0.18616141378879547, 0.6130138635635376, -0.252228319644928, 0.03275464102625847, -1.0688848495483398, -0.10324618965387344, 0.0629812479019165, 0.0524577759206295], [0.028391338884830475, -0.24297206103801727, 1.0722097158432007, -0.4155142605304718, 0.755975067615509, 0.24276301264762878, 0.6750998497009277, -0.5852908492088318, -0.5892972350120544, 0.4616047143936157, 0.45475783944129944, 0.3297925591468811, 0.2646239399909973, 0.07050608098506927, 0.10906711965799332, -0.07558269053697586], [-0.29790085554122925, 0.28901952505111694, -0.0758228600025177, -0.5762268900871277, 0.2658938467502594, -0.04469155892729759, -0.4893745183944702, 0.056882672011852264, -0.2416098713874817, 0.007683091796934605, 0.2114177942276001, 0.3011051416397095, 0.8440799117088318, 0.1596049666404724, 0.803976833820343, -0.05712546408176422], [-0.12529535591602325, -0.6665446162223816, 1.0446653366088867, -0.030681626871228218, 0.22131675481796265, 0.30587100982666016, 0.5011321306228638, -0.22451667487621307, -0.2319139838218689, 0.5771144032478333, -0.17285528779029846, 0.0004778571892529726, -1.1183080673217773, 0.08532416820526123, 0.13689950108528137, 0.07600441575050354], [0.2794362008571625, 0.09188541769981384, 0.8691698312759399, -0.148523211479187, 0.5253049731254578, 0.19304265081882477, 0.5773341655731201, -0.5690076947212219, -0.5614643096923828, 0.1346122771501541, 0.0393768809735775, 0.41849786043167114, 0.0823008269071579, 0.024197939783334732, 0.1997450590133667, 0.02900123782455921], [-0.32355549931526184, 0.06507327407598495, -0.03608783707022667, -0.5264458060264587, 0.05966164916753769, 0.07307201623916626, -0.41328245401382446, -0.11783724278211594, -0.019282661378383636, 0.10931229591369629, -0.015815354883670807, 0.4150480031967163, 0.9426865577697754, 0.2754155993461609, 0.6888849139213562, -0.14934061467647552], [-0.4377782940864563, 0.4686335027217865, 0.6034416556358337, -0.004176258109509945, 0.47134143114089966, -0.36277949810028076, -0.38156482577323914, 0.19125531613826752, 0.4409894049167633, 0.542081356048584, 0.20933209359645844, 0.19526264071464539, 0.3653552532196045, 0.1493229866027832, -0.004489945247769356, -0.17568254470825195], [0.5521392226219177, 0.2966216504573822, -0.41724923253059387, 0.3768423795700073, -0.05543874204158783, -0.24015897512435913, 0.033543672412633896, 0.4328385889530182, -0.02911975048482418, 0.008195862174034119, 0.1613808125257492, 0.7439538836479187, 0.21061035990715027, 0.09637632966041565, 0.3403974771499634, -0.07839791476726532], [0.7081028819084167, -0.5141112804412842, 0.3345267176628113, 0.44509080052375793, 0.32774055004119873, 0.6543523073196411, 0.7863985300064087, -0.543178915977478, -0.10597275197505951, 2.1306700706481934, -0.5108186602592468, 1.5318983793258667, 0.3124557435512543, -0.09295076131820679, 0.08741971105337143, 0.33124446868896484], [-0.0706736147403717, 0.113307423889637, 0.00892020482569933, -0.04155147448182106, 0.0839964896440506, 0.020136689767241478, 0.2302618771791458, -0.07856949418783188, -0.012539645656943321, 0.06508825719356537, -0.034599531441926956, 0.23979344964027405, -0.023618124425411224, -0.006037855986505747, 0.15204180777072906, 0.004834799561649561], [-0.20015235245227814, 0.03910185024142265, -0.20686432719230652, -0.092006154358387, 0.11971557885408401, -0.10754598677158356, 0.19445663690567017, -0.0619783028960228, 0.061010438948869705, 0.13504013419151306, -0.08382738381624222, -0.020614590495824814, 0.3069520890712738, -0.08840583264827728, -0.7446608543395996, 0.007652881555259228], [-0.31345465779304504, -2.6507554054260254, 0.5388230085372925, -0.05559002235531807, -0.19490119814872742, 0.5013195276260376, 0.5438406467437744, -0.13309243321418762, 1.2268455028533936, -0.11479906737804413, -2.268162488937378, 1.2007989883422852, -3.500671148300171, -0.06792798638343811, 0.03242405503988266, -0.04230862855911255], [0.25984421372413635, 0.15964192152023315, 0.061546336859464645, 0.3140754997730255, -0.1011284738779068, 0.09257639199495316, 0.37016206979751587, 0.20109324157238007, 0.3638685345649719, -0.4171089828014374, 0.5581415891647339, -0.8690114617347717, 0.23888418078422546, 