{"triplane_resolution": 2048, "triplane_voxel_size": 0.001953125, "sparse_grid_resolution": 512, "sparse_grid_voxel_size": 0.0078125, "range_features": [-7.0, 7.0], "range_density": [-14.0, 14.0], "data_block_size": 16, "atlas_width": 1547, "atlas_height": 221, "atlas_depth": 17, "num_slices": 17, "slice_depth": 1, "0_weights": [[0.2799566984176636, 0.21115945279598236, 1.8618592023849487, 1.8862464427947998, 0.37943515181541443, 3.8365557193756104, 2.5929670333862305, 1.9618803262710571, 1.1176143884658813, 3.018376588821411, 2.1621944904327393, 2.004509449005127, 0.9109228253364563, 0.7852086424827576, -4.156858444213867, 1.9813604354858398], [2.0335183143615723, 1.3046846389770508, 1.573747158050537, 1.740416169166565, 1.8456133604049683, 3.2136390209198, 2.6286022663116455, 1.366321086883545, 0.19983936846256256, 3.208265542984009, 1.6916455030441284, 1.8484468460083008, 1.2210384607315063, -0.11704981327056885, -3.6989126205444336, 2.32741379737854], [3.6752729415893555, 2.8248989582061768, -0.016953760758042336, 0.28453364968299866, 5.09550142288208, -0.055372707545757294, 1.8421711921691895, 0.18190568685531616, -3.2456207275390625, 2.6194911003112793, 0.5959925055503845, -0.38037294149398804, 2.559131145477295, -2.2370498180389404, 3.9395484924316406, 3.455244779586792], [-0.6405240297317505, 0.5183395743370056, -0.2484116107225418, -0.9783065915107727, -2.4378015995025635, -11.724286079406738, 0.3595729470252991, 3.0320990085601807, -1.5272955894470215, 0.07802103459835052, 2.2501754760742188, 1.7472734451293945, -24.828523635864258, -2.1316022872924805, -2.426805019378662, -1.8312156200408936], [1.1227922439575195, -10.616832733154297, -0.6657871603965759, -1.297494888305664, -1.4823836088180542, 0.03658919408917427, -0.13368186354637146, 0.12056289613246918, -0.002689899643883109, -0.20104332268238068, -0.06175718456506729, -0.578270673751831, 1.7589153051376343, 0.08601495623588562, 1.4849299192428589, 0.3425602316856384], [0.3729485869407654, -2.0575873851776123, 3.376743793487549, -7.470223426818848, -3.3609089851379395, -0.222146674990654, -1.2638310194015503, 2.6907429695129395, 0.8708311915397644, -0.950077474117279, -2.4564449787139893, -0.8815234303474426, -0.18973004817962646, 0.17682699859142303, 0.562002956867218, -1.0254461765289307], [11.43226432800293, 7.584122657775879, -0.60951828956604, 2.7818148136138916, -2.8726348876953125, -0.6849778890609741, 5.368581771850586, -0.21554411947727203, 12.604159355163574, 15.245953559875488, -4.571695804595947, 2.8699498176574707, -6.572243690490723, 5.2968597412109375, -20.431467056274414, -0.29222092032432556], [-0.7891400456428528, 0.034366801381111145, -0.0821443498134613, 0.06329746544361115, 0.0878407210111618, -0.7722211480140686, 0.3282844126224518, 0.33752337098121643, -0.2622758150100708, 0.18237219750881195, -0.7781266570091248, -0.5300903916358948, -0.9666443467140198, -0.4910285770893097, -0.5246298313140869, -0.3248172104358673], [0.12925387918949127, -0.7420482635498047, 0.16335809230804443, 0.0011472320184111595, -0.4659196734428406, -0.058236610144376755, -0.06261313706636429, -0.05590363219380379, 0.6563564538955688, 0.2883864641189575, -0.5853158235549927, -0.19814734160900116, -0.3792676627635956, -0.567718505859375, 0.3280469477176666, 0.04205029085278511], [-0.08851206302642822, 0.06946028023958206, 0.3786616325378418, -0.06648178398609161, 0.2612343430519104, -0.00041686007170937955, -0.1064191535115242, 0.5157023668289185, 0.04137763753533363, 0.09470308572053909, 0.08377421647310257, 0.22868983447551727, 0.018593819811940193, -0.310606449842453, 0.07897794246673584, -0.07402303069829941], [-0.8821300268173218, -0.1400354653596878, -0.05684414505958557, 0.09156803786754608, 0.14237052202224731, -0.4595505893230438, 0.3627759516239166, 0.512364387512207, -0.09798885136842728, -0.033431526273489, -0.7099807262420654, -0.29949241876602173, -1.0805655717849731, -0.6311229467391968, -0.23500776290893555, -0.262831449508667], [0.12693408131599426, -0.5533239841461182, -0.012568227015435696, -0.04148637875914574, -0.44579628109931946, 0.013799850828945637, 0.005357877351343632, 0.2071404904127121, 0.7299073338508606, 0.16474732756614685, -0.5941329598426819, -0.399712473154068, -0.41992267966270447, -0.7155314683914185, 0.370013028383255, -0.03329221531748772], [0.03166668862104416, -0.10157380253076553, 0.4378114342689514, -0.08331690728664398, 0.08594156056642532, -0.15937528014183044, -0.20166003704071045, 0.30170273780822754, -0.29160016775131226, -0.17581219971179962, 0.23265695571899414, 0.135189950466156, 0.24988077580928802, -0.2522214949131012, -0.03493316099047661, -0.13759152591228485], [-0.6702419519424438, -0.22011514008045197, 0.3278135657310486, -0.29098817706108093, 0.0479104183614254, -0.29643866419792175, 0.2851403057575226, 0.20852981507778168, 0.15124399960041046, -0.24584925174713135, -0.5023858547210693, -0.543961226940155, -0.7558649778366089, -0.5353551506996155, -0.15211337804794312, -0.28650256991386414], [-0.1698586344718933, -0.4694651663303375, -0.1903935819864273, 0.0037750296760350466, -0.2567921578884125, 0.16018180549144745, -0.10209151357412338, 0.012258760631084442, 0.5517280101776123, 0.20743843913078308, -0.3727729022502899, -0.3013630211353302, -0.6560901999473572, -0.6331660151481628, 0.552307665348053, 0.02992090955376625], [-0.23400145769119263, 0.014979545958340168, 0.515457272529602, -0.2151709944009781, -0.0899147018790245, -0.1653655767440796, -0.039988115429878235, 0.3884729743003845, -0.167460635304451, 0.0010427901288494468, 0.21338891983032227, 0.377093642950058, 0.3384441137313843, -0.09404424577951431, 0.13779427111148834, -0.1515883356332779], [0.9372595548629761, 0.037158507853746414, 0.014392967335879803, -0.022090498358011246, -1.0281673669815063, 0.3755788803100586, 0.21202462911605835, 0.522756040096283, 0.025290561839938164, -0.3301767408847809, 1.3098379373550415, -0.8273186087608337, 0.4348320960998535, 0.2930541932582855, 0.7247976064682007, 0.12116128206253052], [-0.2664473056793213, 0.9904780983924866, 0.17682689428329468, 0.03240233659744263, 0.3535540699958801, -0.2073158472776413, -0.27145451307296753, -0.28411760926246643, -0.13731421530246735, 0.4662654399871826, 1.41445791721344, 0.861553430557251, -0.759261429309845, 0.38900965452194214, -0.3347395658493042, 0.18656983971595764], [0.023010922595858574, 0.6127763390541077, -0.13112518191337585, 0.18456977605819702, -0.5756618976593018, -0.030172839760780334, 0.15400457382202148, 0.4236844778060913, 0.19833385944366455, -0.155302956700325, -0.8057014346122742, 0.7706814408302307, 0.9499397277832031, 0.9510425329208374, -0.06233403459191322, -0.03765784204006195], [0.004416682757437229, -0.7770445346832275, 0.5012008547782898, 0.034348152577877045, -0.08995230495929718, 0.02862728387117386, 0.25485002994537354, 0.2399069219827652, 0.5047264695167542, 0.2898777723312378, 0.0382096953690052, 0.367635577917099, -0.2206287384033203, 0.17601928114891052, 0.5667386651039124, -0.16170544922351837], [0.10887815803289413, 0.05353865027427673, 0.07115030288696289, -0.053133927285671234, 0.011224023997783661, -0.13033676147460938, 0.17170029878616333, 0.2936500012874603, -0.13235391676425934, -0.0985085517168045, -0.24657851457595825, -0.011896982789039612, 0.7975743412971497, 0.11019645631313324, 0.13189595937728882, -0.242895245552063], [-0.0021624471992254257, 0.448891282081604, 0.22800590097904205, 0.028849685564637184, 0.024917347356677055, 0.5654236674308777, 0.2886677086353302, 0.33401045203208923, 0.24721093475818634, 0.05017292499542236, -0.7131016850471497, 0.2484249472618103, -0.25867652893066406, 0.07139815390110016, 0.18883861601352692, 0.10485401749610901], [-0.020938994362950325, -0.0067550488747656345, -0.6798479557037354, 0.3310108482837677, -0.3072490692138672, -0.10793064534664154, 0.09295395761728287, -0.46671995520591736, 0.2642037570476532, 0.06622183322906494, -0.041990362107753754, -0.27082374691963196, 0.2667086124420166, 