{"triplane_resolution": 4096, "triplane_voxel_size": 0.0009765625, "sparse_grid_resolution": 512, "sparse_grid_voxel_size": 0.0078125, "range_features": [-7.0, 7.0], "range_density": [-14.0, 14.0], "data_block_size": 8, "atlas_width": 1629, "atlas_height": 504, "atlas_depth": 9, "num_slices": 9, "slice_depth": 1, "0_weights": [[-0.1255730837583542, -0.08804916590452194, 1.4462662935256958, -0.10687512904405594, 0.2013985812664032, -0.22629143297672272, -1.487058162689209, -0.5104377269744873, 1.2868716716766357, 0.11850833892822266, -0.030102593824267387, -2.1287362575531006, 0.7706652283668518, 0.035351917147636414, -1.0884318351745605, 1.071839451789856], [-0.1120234802365303, 0.1457291543483734, 0.17308419942855835, -0.1659412384033203, 0.20828759670257568, 0.8693376779556274, -0.26927170157432556, 0.8392151594161987, 2.191422462463379, 0.25451338291168213, 0.0022914838045835495, 0.6411125063896179, -0.4808948338031769, 0.5841506719589233, -0.8214244246482849, -1.5098719596862793], [1.258322834968567, -0.4578228294849396, 0.7522685527801514, -0.1513633131980896, 0.002708835294470191, -0.7189591526985168, -0.9024970531463623, 0.6690012216567993, 1.4431599378585815, -0.8382411599159241, -0.015149147249758244, 2.86306095123291, 2.1599879264831543, 0.8165796399116516, 0.5474736094474792, 1.4289627075195312], [-2.714679479598999, -2.0512430667877197, -0.7541292309761047, -0.15132394433021545, -29.215553283691406, 1.724564552307129, -4.25839376449585, -4.736619472503662, 0.8238205313682556, 7.116774559020996, -8.861032485961914, 8.420267105102539, 4.774585247039795, 6.6102447509765625, 1.6697367429733276, 0.07709857821464539], [-1.4350539445877075, -0.7089720964431763, -0.6797356009483337, -0.18050019443035126, -0.1143685132265091, 1.1692641973495483, 2.2209157943725586, 0.40112197399139404, -2.6026437282562256, -0.508190393447876, 1.0705993175506592, -0.07355710864067078, -0.4881574511528015, -2.3908376693725586, 0.36638885736465454, -1.8720288276672363], [0.5777757167816162, 0.8722551465034485, -0.5285475850105286, -0.1282764971256256, -0.1967693567276001, -1.723505973815918, 1.281786561012268, -2.37412691116333, -0.6792325973510742, 0.9944810271263123, -4.229156970977783, -0.8141012191772461, -1.9209641218185425, 0.8740432858467102, 0.5060445666313171, 1.164192795753479], [-0.6147812604904175, 0.25189587473869324, -0.3302473723888397, -0.19256600737571716, 0.11463119834661484, 0.12377111613750458, -0.8855739831924438, -0.874457597732544, -1.1156138181686401, 0.11496557295322418, 0.06373676657676697, 0.3727443516254425, -0.5617551803588867, 0.69022136926651, 1.0377038717269897, 0.25687679648399353], [0.03284495696425438, 0.048946212977170944, -0.1836344301700592, -0.06827516853809357, -0.39629289507865906, 0.10550517588853836, 0.08029226958751678, -0.19086356461048126, -0.17320403456687927, 0.5396032929420471, -0.1931367665529251, -0.021053114905953407, 0.2598787844181061, -0.07995015382766724, -0.19497890770435333, 0.13469722867012024], [-0.06641073524951935, 0.68480384349823, 1.2804030179977417, 0.17371824383735657, -0.1824616938829422, 0.6637715697288513, 0.20637066662311554, 0.8743190765380859, 0.5143327713012695, 0.3712494969367981, -0.27574506402015686, -0.4113941788673401, -0.42167115211486816, 0.3056644797325134, -0.3599909543991089, 0.420221745967865], [-0.44908323884010315, 0.3136777877807617, 0.02585405297577381, 0.14818792045116425, 0.18870769441127777, 0.17927978932857513, 0.3867763578891754, -0.1396501660346985, -0.2730759084224701, 0.03632976487278938, 1.4660300016403198, 0.10866574198007584, 0.04155615344643593, -0.14937981963157654, 1.314621925354004, 0.0022777309641242027], [0.08304566890001297, 0.23639947175979614, -0.007254799362272024, 0.0938035249710083, -0.175081267952919, 0.09140720963478088, -0.0689309611916542, -0.04692470654845238, 0.005947651341557503, 0.592676043510437, -0.0633624792098999, 0.044101815670728683, 0.13915006816387177, -0.08119066804647446, -0.03221091255545616, 0.35806599259376526], [-0.16999071836471558, 0.5222989320755005, 1.4636260271072388, -0.16136988997459412, 0.03724747523665428, 0.6734039187431335, 0.500950276851654, 0.9838767051696777, 0.41271013021469116, 0.2714976966381073, -0.05774960294365883, -0.20490621030330658, -0.40538865327835083, 0.4040748178958893, -0.22890374064445496, 0.44252222776412964], [-0.17950259149074554, 0.2290264070034027, -0.17602849006652832, 0.0017792641883715987, 0.27367231249809265, 0.3286125361919403, 0.4379066228866577, -0.23050259053707123, -0.2253873497247696, -0.029719645157456398, 1.3433469533920288, -0.14654120802879333, 0.01665709912776947, 0.030693233013153076, 1.4305150508880615, 0.005841550417244434], [-0.03655298426747322, 0.2675822079181671, -0.23395660519599915, -0.01567191444337368, -0.39471951127052307, 0.015899652615189552, -0.22197911143302917, 0.07381557673215866, 0.020123880356550217, 0.5080349445343018, -0.023358844220638275, -0.20840218663215637, -0.07407555729150772, 0.10875752568244934, 0.29392915964126587, 0.7032744884490967], [-0.061788782477378845, 0.6865646839141846, 1.1263381242752075, 0.014966263435781002, 0.09536626935005188, 0.8191084861755371, 0.32551145553588867, 0.5437420606613159, 0.19578735530376434, -0.33757323026657104, -0.2975628674030304, 0.057528041303157806, -0.271026074886322, 0.47451192140579224, 0.0449041947722435, 0.5568975210189819], [-0.27685555815696716, -0.0647226944565773, -0.31915923953056335, -0.04188695549964905, -0.09211505949497223, 0.24751177430152893, 0.10664969682693481, -0.2037709355354309, 0.03255956619977951, -0.012948721647262573, 0.5661934614181519, 0.08025229722261429, 0.2431177794933319, 0.05843047797679901, 0.8906286358833313, -0.09233947098255157], [0.05085718259215355, 0.013917597942054272, -0.02023576758801937, -0.00575704500079155, -0.47112518548965454, 0.27347466349601746, -0.7120926976203918, -0.09143974632024765, -0.15385840833187103, 0.04233299568295479, -0.21647968888282776, -0.6146378517150879, 0.11354828625917435, -0.6795075535774231, -1.7167779207229614, 2.0028653144836426], [0.23037713766098022, 1.4935834407806396, -0.9861825108528137, -0.16933691501617432, 0.48680052161216736, 0.9979563355445862, 0.03256376460194588, -0.4941669702529907, 0.25194141268730164, -1.5267360210418701, -0.2387811541557312, 0.4961044192314148, -0.1586141586303711, 0.39443498849868774, 1.0750521421432495, 0.04768717661499977], [-0.0855865478515625, -0.3767748773097992, -1.0506516695022583, 0.018533356487751007, -0.6476760506629944, -0.7591910362243652, -0.9348462224006653, -0.1567213535308838, 0.12760548293590546, 0.4366312325000763, -3.0087478160858154, 0.26256850361824036, -0.1665012687444687, 0.0013477220200002193, -0.596842348575592, -0.08004768192768097], [-0.12640869617462158, -0.023941531777381897, -0.17739877104759216, -0.030926499515771866, -0.6310969591140747, -0.13541443645954132, -0.1932782381772995, 0.12566179037094116, -0.03152509033679962, -0.18352745473384857, 0.27039381861686707, -0.3522584140300751, -0.03962230309844017, -0.04866041988134384, -0.9105819463729858, 0.670308530330658], [-0.2753799557685852, 1.3729914426803589, -0.4654884338378906, -0.16047509014606476, -0.3486713171005249, 0.9064785838127136, -0.01457979716360569, -0.07063096761703491, 0.019015785306692123, -0.8738234043121338, 0.23698477447032928, 0.1467624306678772, 0.05758218839764595, 0.13261790573596954, -0.31221383810043335, -0.20259736478328705], [-0.13742628693580627, -0.02222793735563755, -0.6305412650108337, 0.0010931806173175573, 0.2592752277851105, 0.2466336339712143, -0.04881066828966141, 0.26760998368263245, -0.00228120107203722, -0.02696404792368412, 4.514700889587402, 0.012126173824071884, 0.364535391330719, 0.2362794727087021, 0.3376826047897339, -0.05006658658385277], [0.2702937424182892, 0.0776444599032402, -0.3122605085372925, -0.2289770543575287, -0.4922533929347992, 0.05684387683868408, -0.25804394483566284, 0.4787798225879669, 0.427004337310791, -0.5074639320373535, -0.9772198796272278, -0.14729022979736328, 